source,sourceTitle,stagingNormalizedTitle,canonicalId,mappingStatus,mappingReason,confidence,verificationMethod,file,recipePdfPage,photoPdfPage,printedPage,width,height,sha256
Agave Companion,Agave Ginger Hot Toddy,agave-ginger-hot-toddy,agave-ginger-hot-toddy,exact_normalized_id,Normalized extracted title maps directly to the canonical recipe id.,A,Exact EPUB image caption names the cocktail; recipe title independently exists in the cocktail recipe chapter.,images/agave_companion_2023/agave-companion__agave-ginger-hot-toddy__p251.webp,nan,nan,251.0,910.0,1190,99d3840e8f7eb3836d2d19d1f6d133d7d7c9f5f1b0d1b480bdb6828dee3d69cc
Agave Companion,Easy Paloma,easy-paloma,easy-paloma,exact_normalized_id,Normalized extracted title maps directly to the canonical recipe id.,A,Exact EPUB image caption names the cocktail; recipe title independently exists in the cocktail recipe chapter.,images/agave_companion_2023/agave-companion__easy-paloma__p240.webp,nan,nan,240.0,679.0,916,da2be199623e51578c861dbf3e34a6fb776db299a673f79831fb4b0b88a6c58d
Agave Companion,Frozen Mezcal Hot Chocolate,frozen-mezcal-hot-chocolate,frozen-mezcal-hot-chocolate,exact_normalized_id,Normalized extracted title maps directly to the canonical recipe id.,A,Exact EPUB image caption names the cocktail; recipe title independently exists in the cocktail recipe chapter.,images/agave_companion_2023/agave-companion__frozen-mezcal-hot-chocolate__p248.webp,nan,nan,248.0,910.0,1190,9d7cf916ea64c23548e83d794b7804ca838dcf671b1d73501a42b96a250dd3cc
Agave Companion,Mangito Sonidero Margarita,mangito-sonidero-margarita,mangito-sonidero-margarita,exact_normalized_id,Normalized extracted title maps directly to the canonical recipe id.,A,Exact EPUB image caption names the cocktail; recipe title independently exists in the cocktail recipe chapter.,images/agave_companion_2023/agave-companion__mangito-sonidero-margarita__p232.webp,nan,nan,232.0,910.0,1190,a2697dfbb08a6b70492f661674f3c786fbb99935cb4eb41aa5670daf0ffd4537
Agave Companion,Mezcal Negroni,mezcal-negroni,mezcal-negroni,exact_normalized_id,Normalized extracted title maps directly to the canonical recipe id.,A,Exact EPUB image caption names the cocktail; recipe title independently exists in the cocktail recipe chapter.,images/agave_companion_2023/agave-companion__mezcal-negroni__p244.webp,nan,nan,244.0,679.0,801,8f8ab3b91f4e8bbf50f202378ebf5465d790ca9ec8afa74e13ad2884ed7e1785
Agave Companion,Pomegranate Margarita,pomegranate-margarita,pomegranate-margarita,exact_normalized_id,Normalized extracted title maps directly to the canonical recipe id.,A,Exact EPUB image caption names the cocktail; recipe title independently exists in the cocktail recipe chapter.,images/agave_companion_2023/agave-companion__pomegranate-margarita__p236.webp,nan,nan,236.0,910.0,996,ad60f64277681f35d121d5cedf3d09b666ba5032c61eb40cf84ef3e5b5006e0d
Agave Companion,Summer Herb Margarita,summer-herb-margarita,summer-herb-margarita,exact_normalized_id,Normalized extracted title maps directly to the canonical recipe id.,A,Exact EPUB image caption names the cocktail; recipe title independently exists in the cocktail recipe chapter.,images/agave_companion_2023/agave-companion__summer-herb-margarita__p239.webp,nan,nan,239.0,679.0,799,4b5a6c667fdff716363c84b8e1f4598e91e35a8bf7682972b5f2b9989e377455
Agave Companion,Tequila Manhattan,tequila-manhattan,tequila-manhattan,exact_normalized_id,Normalized extracted title maps directly to the canonical recipe id.,A,Exact EPUB image caption names the cocktail; recipe title independently exists in the cocktail recipe chapter.,images/agave_companion_2023/agave-companion__tequila-manhattan__p220.webp,nan,nan,220.0,1400.0,915,15fd684de49285c7eb62bb3ae14dba31a059d69275465a4cd4d20c11a55f77d6
Death & Co,Rebel Rebel,rebel-rebel,,no_current_canonical_target,"Verified source image, but this extracted title is not a canonical recipe in the current 398-recipe catalog.",A,Exact cocktail identity verified from source caption and/or same-page named recipe; title cross-checked against Death & Co recipe/index text; image visually audited.,images/death_and_co/death-co__rebel-rebel__p050.webp,nan,50.0,193.0,nan,1279,ca50f856b0f44243b7b637080e0d0d1a7de22711c6002091faa5fbe884cc2b71
Death & Co,Pit Stop Flip,pit-stop-flip,,no_current_canonical_target,"Verified source image, but this extracted title is not a canonical recipe in the current 398-recipe catalog.",A,Exact cocktail identity verified from source caption and/or same-page named recipe; title cross-checked against Death & Co recipe/index text; image visually audited.,images/death_and_co/death-co__pit-stop-flip__p146.webp,nan,146.0,246.0,nan,1645,99cd2cc3d1d14c7faec3e10179962d92ac23a5c65485e5bcdb5cac20943f2797
Death & Co,Cobra's Fang,cobra-s-fang,,no_current_canonical_target,"Verified source image, but this extracted title is not a canonical recipe in the current 398-recipe catalog.",A,Exact cocktail identity verified from source caption and/or same-page named recipe; title cross-checked against Death & Co recipe/index text; image visually audited.,images/death_and_co/death-co__cobra-s-fang__p166.webp,nan,166.0,141.0,nan,698,448321a1f38589d7572166ff5ca8fb8870c407d4c3466157891f0238d2f07d3d
Death & Co,Muddled Mission,muddled-mission,,no_current_canonical_target,"Verified source image, but this extracted title is not a canonical recipe in the current 398-recipe catalog.",A,Exact cocktail identity verified from source caption and/or same-page named recipe; title cross-checked against Death & Co recipe/index text; image visually audited.,images/death_and_co/death-co__muddled-mission__p180.webp,nan,180.0,158.0,nan,1645,6f590d742dad47a4dce79e185fecd6b5b7bedbfc0dc37379903ac507ba5236e5
Death & Co,East India Trading Co.,east-india-trading-co,,no_current_canonical_target,"Verified source image, but this extracted title is not a canonical recipe in the current 398-recipe catalog.",A,Exact cocktail identity verified from source caption and/or same-page named recipe; title cross-checked against Death & Co recipe/index text; image visually audited.,images/death_and_co/death-co__east-india-trading-co__p201.webp,nan,201.0,176.0,nan,1659,bdd405895714c3a3cf4d3070fa9c915488877992e3ad6876e307c02f3574fa3b
Death & Co,Naked and Famous,naked-and-famous,naked-and-famous,exact_normalized_id,Normalized extracted title maps directly to the canonical recipe id.,A,Exact cocktail identity verified from source caption and/or same-page named recipe; title cross-checked against Death & Co recipe/index text; image visually audited.,images/death_and_co/death-co__naked-and-famous__p209.webp,nan,209.0,185.0,nan,1059,8deebad084e5173bef199f946d2b05da466350782324d1894634124fe571ab8d
Death & Co,Pinche Chivo,pinche-chivo,,no_current_canonical_target,"Verified source image, but this extracted title is not a canonical recipe in the current 398-recipe catalog.",A,Exact cocktail identity verified from source caption and/or same-page named recipe; title cross-checked against Death & Co recipe/index text; image visually audited.,images/death_and_co/death-co__pinche-chivo__p210.webp,nan,210.0,187.0,nan,1279,d55c35499194bf3982a91ae0b71df261b02e3fcc75b56c03d43c7f4616feee21
Death & Co,Manhattan Transfer,manhattan-transfer,,no_current_canonical_target,"Verified source image, but this extracted title is not a canonical recipe in the current 398-recipe catalog.",A,Exact cocktail identity verified from source caption and/or same-page named recipe; title cross-checked against Death & Co recipe/index text; image visually audited.,images/death_and_co/death-co__manhattan-transfer__p231.webp,nan,231.0,206.0,nan,1289,c8e63bcf3802ed372ab2b8f41e189330019cc351d2466a777de74f0e68d4e0fd
Death & Co,Mig Royale,mig-royale,,no_current_canonical_target,"Verified source image, but this extracted title is not a canonical recipe in the current 398-recipe catalog.",A,Exact cocktail identity verified from source caption and/or same-page named recipe; title cross-checked against Death & Co recipe/index text; image visually audited.,images/death_and_co/death-co__mig-royale__p249.webp,nan,249.0,224.0,nan,1289,d731d1972395e4dc46e41235977ca6401a2538545fd0ef3cee6687c4d5be4d65
Death & Co,Billingsley Punch,billingsley-punch,,no_current_canonical_target,"Verified source image, but this extracted title is not a canonical recipe in the current 398-recipe catalog.",A,Exact cocktail identity verified from source caption and/or same-page named recipe; title cross-checked against Death & Co recipe/index text; image visually audited.,images/death_and_co/death-co__billingsley-punch__p259.webp,nan,259.0,232.0,nan,1289,7f22162985c1c4945f09f94349f64cb19ee8990fbfe4ebc16ceb887a1caf7e39
Death & Co,Celine Fizz,celine-fizz,,no_current_canonical_target,"Verified source image, but this extracted title is not a canonical recipe in the current 398-recipe catalog.",A,Exact cocktail identity verified from source caption and/or same-page named recipe; title cross-checked against Death & Co recipe/index text; image visually audited.,images/death_and_co/death-co__celine-fizz__p271.webp,nan,271.0,245.0,nan,1046,9a47eeb49cc0299b1ea9e96a1f520feb887a688383930ecfe1fca60ebfa2f56d
Death & Co,Classic Manhattan,classic-manhattan,manhattan,alias_or_source_version,Source title/version maps to canonical recipe id manhattan.,A,Exact cocktail identity verified from source caption and/or same-page named recipe; title cross-checked against Death & Co recipe/index text; image visually audited.,images/death_and_co/death-co__classic-manhattan__p290.webp,nan,290.0,145.0,nan,1279,d7415ff24c448d249ab3ef5b635ad8a1279f76459424e8408671064755ba3ed8
Death & Co,Elder Fashion,elder-fashion,,no_current_canonical_target,"Verified source image, but this extracted title is not a canonical recipe in the current 398-recipe catalog.",A,Exact cocktail identity verified from source caption and/or same-page named recipe; title cross-checked against Death & Co recipe/index text; image visually audited.,images/death_and_co/death-co__elder-fashion__p295.webp,nan,295.0,270.0,nan,1289,f5e6148edac12be8add47c469d1ba60f940f05e9893de0b29cf6529234983353
Essential Cocktail Book,ABSINTHE FRAPPE,absinthe-frappe,absinthe-frappe,exact_normalized_id,Normalized extracted title maps directly to the canonical recipe id.,A,Exact recipe title verified on source recipe page; dedicated adjacent photo page confirmed; all contact sheets visually audited as cocktail photographs.,images/essential_cocktail_book_2017/essential-2017__absinthe-frappe__photo-p047.webp,46.0,47.0,32.0,490.0,741,ecd2ba911bd43a0a9e9d3de2ea9e2ab14f6071a340745bea0bb2e8088649feb1
Essential Cocktail Book,ADONIS,adonis,adonis,exact_normalized_id,Normalized extracted title maps directly to the canonical recipe id.,A,Exact recipe title verified on source recipe page; dedicated adjacent photo page confirmed; all contact sheets visually audited as cocktail photographs.,images/essential_cocktail_book_2017/essential-2017__adonis__photo-p049.webp,48.0,49.0,34.0,490.0,741,824045a6d1e0d2e603fc1837d1314c73391bb18c5021f526fa55ca0006a185a3
Essential Cocktail Book,AIRMAIL,airmail,airmail,exact_normalized_id,Normalized extracted title maps directly to the canonical recipe id.,A,Exact recipe title verified on source recipe page; dedicated adjacent photo page confirmed; all contact sheets visually audited as cocktail photographs.,images/essential_cocktail_book_2017/essential-2017__airmail__photo-p050.webp,51.0,50.0,37.0,490.0,741,aff030d9a03d2983130c82c356293f3106880ab1b553072e442c09439db58d59
Essential Cocktail Book,AMERICANO,americano,americano,exact_normalized_id,Normalized extracted title maps directly to the canonical recipe id.,A,Exact recipe title verified on source recipe page; dedicated adjacent photo page confirmed; all contact sheets visually audited as cocktail photographs.,images/essential_cocktail_book_2017/essential-2017__americano__photo-p053.webp,52.0,53.0,38.0,490.0,741,ea57d040577037250a01f7ef9d621acc6e95243fa535f75d882a40948b1269e4
Essential Cocktail Book,APEROL SPRITZ,aperol-spritz,aperol-spritz,exact_normalized_id,Normalized extracted title maps directly to the canonical recipe id.,A,Exact recipe title verified on source recipe page; dedicated adjacent photo page confirmed; all contact sheets visually audited as cocktail photographs.,images/essential_cocktail_book_2017/essential-2017__aperol-spritz__photo-p054.webp,55.0,54.0,41.0,490.0,741,f07bab4d1b3243f3c79368f68592b44b0e667bcd0e28bbf9bc1efd8de32f684d
Essential Cocktail Book,AVIATION,aviation,aviation,exact_normalized_id,Normalized extracted title maps directly to the canonical recipe id.,A,Exact recipe title verified on source recipe page; dedicated adjacent photo page confirmed; all contact sheets visually audited as cocktail photographs.,images/essential_cocktail_book_2017/essential-2017__aviation__photo-p057.webp,56.0,57.0,42.0,490.0,741,7a91235b29f664b9393dcc97a4424566798003fa74c2fdb4df9ee61fecbc6b31
Essential Cocktail Book,BAMBOO,bamboo,bamboo,exact_normalized_id,Normalized extracted title maps directly to the canonical recipe id.,A,Exact recipe title verified on source recipe page; dedicated adjacent photo page confirmed; all contact sheets visually audited as cocktail photographs.,images/essential_cocktail_book_2017/essential-2017__bamboo__photo-p058.webp,59.0,58.0,45.0,490.0,741,daeef662639e503ce598d152e97c11c3e84d14c731b17271474bba055e736630
Essential Cocktail Book,BEE’S KNEES,bee-s-knees,bees-knees,alias_or_source_version,Source title/version maps to canonical recipe id bees-knees.,A,Exact recipe title verified on source recipe page; dedicated adjacent photo page confirmed; all contact sheets visually audited as cocktail photographs.,images/essential_cocktail_book_2017/essential-2017__bee-s-knees__photo-p060.webp,61.0,60.0,47.0,490.0,741,ba50fba1acb1f4bc60e873fcec728d8b6e0eba6586d5e5b987096bed33e5e5c2
Essential Cocktail Book,BICICLETTA,bicicletta,bicicletta,exact_normalized_id,Normalized extracted title maps directly to the canonical recipe id.,A,Exact recipe title verified on source recipe page; dedicated adjacent photo page confirmed; all contact sheets visually audited as cocktail photographs.,images/essential_cocktail_book_2017/essential-2017__bicicletta__photo-p063.webp,62.0,63.0,48.0,490.0,741,cec907ebd3b3ab35dd50b8b8b164bd610b38f3f509efb4a6556392030e8f8546
Essential Cocktail Book,BIJOU,bijou,bijou,exact_normalized_id,Normalized extracted title maps directly to the canonical recipe id.,A,Exact recipe title verified on source recipe page; dedicated adjacent photo page confirmed; all contact sheets visually audited as cocktail photographs.,images/essential_cocktail_book_2017/essential-2017__bijou__photo-p064.webp,65.0,64.0,51.0,490.0,741,9f4064a7502e016a3aa0e45049af123e3066dff924129aa4653020a4d67af334
Essential Cocktail Book,BLACK VELVET,black-velvet,black-velvet,exact_normalized_id,Normalized extracted title maps directly to the canonical recipe id.,A,Exact recipe title verified on source recipe page; dedicated adjacent photo page confirmed; all contact sheets visually audited as cocktail photographs.,images/essential_cocktail_book_2017/essential-2017__black-velvet__photo-p067.webp,66.0,67.0,52.0,490.0,741,b2c8076ab46c0b0eec0b58b2d45f8d04c811f13f99ccb37b5e3df092d4345ec2
Essential Cocktail Book,BLOOD AND SAND,blood-and-sand,blood-and-sand,exact_normalized_id,Normalized extracted title maps directly to the canonical recipe id.,A,Exact recipe title verified on source recipe page; dedicated adjacent photo page confirmed; all contact sheets visually audited as cocktail photographs.,images/essential_cocktail_book_2017/essential-2017__blood-and-sand__photo-p068.webp,69.0,68.0,55.0,490.0,741,ca0553c77a1064bad4785c4b57ebecebb9a44b19030d39c7b71eccf1501cf96f
Essential Cocktail Book,BLOODY MARY,bloody-mary,bloody-mary,exact_normalized_id,Normalized extracted title maps directly to the canonical recipe id.,A,Exact recipe title verified on source recipe page; dedicated adjacent photo page confirmed; all contact sheets visually audited as cocktail photographs.,images/essential_cocktail_book_2017/essential-2017__bloody-mary__photo-p071.webp,70.0,71.0,56.0,490.0,741,b24f519c5d57e27628e5b48016f7bae9577846d66308db92e3aa619eaf3c8cd0
Essential Cocktail Book,BOULEVARDIER,boulevardier,boulevardier,exact_normalized_id,Normalized extracted title maps directly to the canonical recipe id.,A,Exact recipe title verified on source recipe page; dedicated adjacent photo page confirmed; all contact sheets visually audited as cocktail photographs.,images/essential_cocktail_book_2017/essential-2017__boulevardier__photo-p072.webp,73.0,72.0,59.0,490.0,741,297ca59142e3495df4e7dfd33cb898e301c36c60ab58be56dca4be4b7e779386
Essential Cocktail Book,BROOKLYN,brooklyn,brooklyn,exact_normalized_id,Normalized extracted title maps directly to the canonical recipe id.,A,Exact recipe title verified on source recipe page; dedicated adjacent photo page confirmed; all contact sheets visually audited as cocktail photographs.,images/essential_cocktail_book_2017/essential-2017__brooklyn__photo-p075.webp,74.0,75.0,60.0,490.0,741,a60fdee77b7a60985d72b2e08a55928652e16a84448c1851c5990c4c74166c67
Essential Cocktail Book,BROWN DERBY,brown-derby,brown-derby,exact_normalized_id,Normalized extracted title maps directly to the canonical recipe id.,A,Exact recipe title verified on source recipe page; dedicated adjacent photo page confirmed; all contact sheets visually audited as cocktail photographs.,images/essential_cocktail_book_2017/essential-2017__brown-derby__photo-p076.webp,77.0,76.0,63.0,490.0,741,d27293a374427b95b709f4c94abc2987e0396193cb3d2a759258be1f452fbb3f
Essential Cocktail Book,CAIPIRINHA,caipirinha,caipirinha,exact_normalized_id,Normalized extracted title maps directly to the canonical recipe id.,A,Exact recipe title verified on source recipe page; dedicated adjacent photo page confirmed; all contact sheets visually audited as cocktail photographs.,images/essential_cocktail_book_2017/essential-2017__caipirinha__photo-p079.webp,78.0,79.0,64.0,490.0,741,4d1579d1bd9b35d26488f83c23e9c5ad9e0abaefb6310c1631ce8c663576d1a4
Essential Cocktail Book,CHAMPAGNE COCKTAIL,champagne-cocktail,champagne-cocktail,exact_normalized_id,Normalized extracted title maps directly to the canonical recipe id.,A,Exact recipe title verified on source recipe page; dedicated adjacent photo page confirmed; all contact sheets visually audited as cocktail photographs.,images/essential_cocktail_book_2017/essential-2017__champagne-cocktail__photo-p080.webp,81.0,80.0,67.0,490.0,741,5c8078794b1855570cfc36b718f45292f022e51ab589a85725f577ea9fe9ad71
Essential Cocktail Book,CHARLES DICKENS’S PUNCH,charles-dickens-s-punch,charles-dickens-s-punch,exact_normalized_id,Normalized extracted title maps directly to the canonical recipe id.,A,Exact recipe title verified on source recipe page; dedicated adjacent photo page confirmed; all contact sheets visually audited as cocktail photographs.,images/essential_cocktail_book_2017/essential-2017__charles-dickens-s-punch__photo-p082.webp,83.0,82.0,69.0,490.0,741,738c1016367b255c109a580452bb3c2e3d1091a8ddfeec48b3beee69ee1c17b9
Essential Cocktail Book,CLOVER CLUB,clover-club,clover-club,exact_normalized_id,Normalized extracted title maps directly to the canonical recipe id.,A,Exact recipe title verified on source recipe page; dedicated adjacent photo page confirmed; all contact sheets visually audited as cocktail photographs.,images/essential_cocktail_book_2017/essential-2017__clover-club__photo-p085.webp,84.0,85.0,70.0,490.0,741,2522f32f42929662a66fb753283d3cbba53ec1b76e2b8894451092e0419e1cc0
Essential Cocktail Book,CORPSE REVIVER NO. 2,corpse-reviver-no-2,corpse-reviver-no-2,exact_normalized_id,Normalized extracted title maps directly to the canonical recipe id.,A,Exact recipe title verified on source recipe page; dedicated adjacent photo page confirmed; all contact sheets visually audited as cocktail photographs.,images/essential_cocktail_book_2017/essential-2017__corpse-reviver-no-2__photo-p086.webp,87.0,86.0,73.0,490.0,741,c59b3b6eaf820da05dccac6c6bc697e2bec975c2b8e68a02d2273b296b341212
Essential Cocktail Book,DAIQUIRI,daiquiri,daiquiri,exact_normalized_id,Normalized extracted title maps directly to the canonical recipe id.,A,Exact recipe title verified on source recipe page; dedicated adjacent photo page confirmed; all contact sheets visually audited as cocktail photographs.,images/essential_cocktail_book_2017/essential-2017__daiquiri__photo-p089.webp,88.0,89.0,74.0,490.0,741,d98c6538a651ec56345c6422921a083907d40c179b0ce77f724be8762dd7714d
Essential Cocktail Book,DANIEL WEBSTER’S PUNCH,daniel-webster-s-punch,daniel-webster-s-punch,exact_normalized_id,Normalized extracted title maps directly to the canonical recipe id.,A,Exact recipe title verified on source recipe page; dedicated adjacent photo page confirmed; all contact sheets visually audited as cocktail photographs.,images/essential_cocktail_book_2017/essential-2017__daniel-webster-s-punch__photo-p090.webp,91.0,90.0,77.0,490.0,741,0d88e2431abac74be451a9dc34ba3224570d2e7e11265954d4d2f548b6b68ad1
Essential Cocktail Book,DARK ’N’ STORMY,dark-n-stormy,dark-n-stormy,exact_normalized_id,Normalized extracted title maps directly to the canonical recipe id.,A,Exact recipe title verified on source recipe page; dedicated adjacent photo page confirmed; all contact sheets visually audited as cocktail photographs.,images/essential_cocktail_book_2017/essential-2017__dark-n-stormy__photo-p093.webp,92.0,93.0,78.0,490.0,741,706c28c81ee55972b325859eb656bf74ee0debfd9bda38fea92c0d465ee5721c
Essential Cocktail Book,DE LA LOUISIANE,de-la-louisiane,de-la-louisiane,exact_normalized_id,Normalized extracted title maps directly to the canonical recipe id.,A,Exact recipe title verified on source recipe page; dedicated adjacent photo page confirmed; all contact sheets visually audited as cocktail photographs.,images/essential_cocktail_book_2017/essential-2017__de-la-louisiane__photo-p094.webp,95.0,94.0,81.0,490.0,741,33f4b9e6adaedb8bf8c780fdbb943dc1867bdb4009d788312c450f9990ba9df8
Essential Cocktail Book,DEATH IN THE AFTERNOON,death-in-the-afternoon,death-in-the-afternoon,exact_normalized_id,Normalized extracted title maps directly to the canonical recipe id.,A,Exact recipe title verified on source recipe page; dedicated adjacent photo page confirmed; all contact sheets visually audited as cocktail photographs.,images/essential_cocktail_book_2017/essential-2017__death-in-the-afternoon__photo-p097.webp,96.0,97.0,82.0,490.0,741,9c6cf3103ec5d925f180509db7946318d2f6610656ea613a1297e5ec7b62db2d
Essential Cocktail Book,FLORODORA,florodora,florodora,exact_normalized_id,Normalized extracted title maps directly to the canonical recipe id.,A,Exact recipe title verified on source recipe page; dedicated adjacent photo page confirmed; all contact sheets visually audited as cocktail photographs.,images/essential_cocktail_book_2017/essential-2017__florodora__photo-p098.webp,99.0,98.0,85.0,490.0,741,11386abcf4b2a909f3b7249925c0966e6f4600c87a5b5f85ea2479ccfa59ec08
Essential Cocktail Book,FRENCH 75,french-75,french-75,exact_normalized_id,Normalized extracted title maps directly to the canonical recipe id.,A,Exact recipe title verified on source recipe page; dedicated adjacent photo page confirmed; all contact sheets visually audited as cocktail photographs.,images/essential_cocktail_book_2017/essential-2017__french-75__photo-p101.webp,100.0,101.0,86.0,490.0,741,850dc71a843caf745f76f7d50635c7e5f0cd365df5e46d1703c44b03a51cd35b
Essential Cocktail Book,GARIBALDI,garibaldi,garibaldi,exact_normalized_id,Normalized extracted title maps directly to the canonical recipe id.,A,Exact recipe title verified on source recipe page; dedicated adjacent photo page confirmed; all contact sheets visually audited as cocktail photographs.,images/essential_cocktail_book_2017/essential-2017__garibaldi__photo-p102.webp,103.0,102.0,89.0,490.0,741,b3334e27ac1a324ea3ab558bd9ef3caba1b00f8a8ce8eeab97913f61725c8d21
Essential Cocktail Book,GIBSON,gibson,gibson,exact_normalized_id,Normalized extracted title maps directly to the canonical recipe id.,A,Exact recipe title verified on source recipe page; dedicated adjacent photo page confirmed; all contact sheets visually audited as cocktail photographs.,images/essential_cocktail_book_2017/essential-2017__gibson__photo-p104.webp,105.0,104.0,91.0,490.0,741,1b931b920eb9635076c0643aeb85bc7cf01452f733d425f683c4a6cbc8dc6a93
Essential Cocktail Book,GIMLET,gimlet,gimlet,exact_normalized_id,Normalized extracted title maps directly to the canonical recipe id.,A,Exact recipe title verified on source recipe page; dedicated adjacent photo page confirmed; all contact sheets visually audited as cocktail photographs.,images/essential_cocktail_book_2017/essential-2017__gimlet__photo-p107.webp,106.0,107.0,92.0,490.0,741,702611ec8465b065319fd693f17504056d8656cb9ca17acd076337f9db947bde
Essential Cocktail Book,GIN AND TONIC,gin-and-tonic,gin-and-tonic,exact_normalized_id,Normalized extracted title maps directly to the canonical recipe id.,A,Exact recipe title verified on source recipe page; dedicated adjacent photo page confirmed; all contact sheets visually audited as cocktail photographs.,images/essential_cocktail_book_2017/essential-2017__gin-and-tonic__photo-p108.webp,109.0,108.0,95.0,490.0,741,e1fb85f8e2218ce1a0636149d014949eddf1e2027e6b8c263ba01d1d8b3cd858
Essential Cocktail Book,GIN DAISY (OLD AND NEW),gin-daisy-old-and-new,gin-daisy-old-and-new,exact_normalized_id,Normalized extracted title maps directly to the canonical recipe id.,A,Exact recipe title verified on source recipe page; dedicated adjacent photo page confirmed; all contact sheets visually audited as cocktail photographs.,images/essential_cocktail_book_2017/essential-2017__gin-daisy-old-and-new__photo-p110.webp,111.0,110.0,97.0,490.0,741,f0b0cbd1484b86678f2d92c574ef3b12cb0f27725dc226fd8539a5e4afdcc4a4
Essential Cocktail Book,GIN FIZZ,gin-fizz,gin-fizz,exact_normalized_id,Normalized extracted title maps directly to the canonical recipe id.,A,Exact recipe title verified on source recipe page; dedicated adjacent photo page confirmed; all contact sheets visually audited as cocktail photographs.,images/essential_cocktail_book_2017/essential-2017__gin-fizz__photo-p113.webp,112.0,113.0,98.0,490.0,741,23326ec59aa410dd2dcaca77b9d5faee4721b89546d22a3b2943979d2333fee4
Essential Cocktail Book,GIN RICKEY,gin-rickey,gin-rickey,exact_normalized_id,Normalized extracted title maps directly to the canonical recipe id.,A,Exact recipe title verified on source recipe page; dedicated adjacent photo page confirmed; all contact sheets visually audited as cocktail photographs.,images/essential_cocktail_book_2017/essential-2017__gin-rickey__photo-p114.webp,115.0,114.0,101.0,490.0,741,a2357680176232523283f2348321a53ee07b087334384537372ad44470117c6c
Essential Cocktail Book,GIN SOUR,gin-sour,gin-sour,exact_normalized_id,Normalized extracted title maps directly to the canonical recipe id.,A,Exact recipe title verified on source recipe page; dedicated adjacent photo page confirmed; all contact sheets visually audited as cocktail photographs.,images/essential_cocktail_book_2017/essential-2017__gin-sour__photo-p117.webp,116.0,117.0,102.0,490.0,741,d8ace11e52026e3e8ed724549c3931485e4d3620eca4b4c803ae927ca43797dd
Essential Cocktail Book,HEMINGWAY DAIQUIRI,hemingway-daiquiri,hemingway-daiquiri,exact_normalized_id,Normalized extracted title maps directly to the canonical recipe id.,A,Exact recipe title verified on source recipe page; dedicated adjacent photo page confirmed; all contact sheets visually audited as cocktail photographs.,images/essential_cocktail_book_2017/essential-2017__hemingway-daiquiri__photo-p118.webp,119.0,118.0,105.0,490.0,741,6e30facdbfcd481e3df6d9cb63159f431dfb5a976bbcc477df4b30c5442e3cbf
Essential Cocktail Book,IMPROVED WHISKEY COCKTAIL,improved-whiskey-cocktail,improved-whiskey-cocktail,exact_normalized_id,Normalized extracted title maps directly to the canonical recipe id.,A,Exact recipe title verified on source recipe page; dedicated adjacent photo page confirmed; all contact sheets visually audited as cocktail photographs.,images/essential_cocktail_book_2017/essential-2017__improved-whiskey-cocktail__photo-p120.webp,121.0,120.0,107.0,490.0,741,891de01bb39f7c771f0874b30455d9237e656b24ec905993f0e042087a75b664
Essential Cocktail Book,JUNGLE BIRD,jungle-bird,jungle-bird,exact_normalized_id,Normalized extracted title maps directly to the canonical recipe id.,A,Exact recipe title verified on source recipe page; dedicated adjacent photo page confirmed; all contact sheets visually audited as cocktail photographs.,images/essential_cocktail_book_2017/essential-2017__jungle-bird__photo-p123.webp,122.0,123.0,108.0,490.0,741,542073255e955eefc841f6ab5edfb3458a35f9feba86f066f5f71f276504a985
Essential Cocktail Book,LAST WORD,last-word,last-word,exact_normalized_id,Normalized extracted title maps directly to the canonical recipe id.,A,Exact recipe title verified on source recipe page; dedicated adjacent photo page confirmed; all contact sheets visually audited as cocktail photographs.,images/essential_cocktail_book_2017/essential-2017__last-word__photo-p124.webp,125.0,124.0,111.0,490.0,741,0ea31c47856f61ee85c9f3b4dbb7272eb3b319595a34ea839d76a328e3049244
Essential Cocktail Book,MAI TAI,mai-tai,mai-tai,exact_normalized_id,Normalized extracted title maps directly to the canonical recipe id.,A,Exact recipe title verified on source recipe page; dedicated adjacent photo page confirmed; all contact sheets visually audited as cocktail photographs.,images/essential_cocktail_book_2017/essential-2017__mai-tai__photo-p126.webp,127.0,126.0,113.0,490.0,741,253e756e5300f875846060842025a272a814c6d71c388a29a167eda470effb2f
Essential Cocktail Book,MANHATTAN,manhattan,manhattan,exact_normalized_id,Normalized extracted title maps directly to the canonical recipe id.,A,Exact recipe title verified on source recipe page; dedicated adjacent photo page confirmed; all contact sheets visually audited as cocktail photographs.,images/essential_cocktail_book_2017/essential-2017__manhattan__photo-p129.webp,128.0,129.0,114.0,490.0,741,5a66ddd6ad68deacac81db14e664daa6bc95dd47277d7fcb7e21f31ae3fa4f98
Essential Cocktail Book,MARGARITA,margarita,margarita,exact_normalized_id,Normalized extracted title maps directly to the canonical recipe id.,A,Exact recipe title verified on source recipe page; dedicated adjacent photo page confirmed; all contact sheets visually audited as cocktail photographs.,images/essential_cocktail_book_2017/essential-2017__margarita__photo-p130.webp,131.0,130.0,117.0,490.0,741,249f570dedc9288d0af9148e6ffa81ae1ef0d39e08c342506830ff967f266fdc
Essential Cocktail Book,MARTINEZ,martinez,martinez,exact_normalized_id,Normalized extracted title maps directly to the canonical recipe id.,A,Exact recipe title verified on source recipe page; dedicated adjacent photo page confirmed; all contact sheets visually audited as cocktail photographs.,images/essential_cocktail_book_2017/essential-2017__martinez__photo-p133.webp,132.0,133.0,118.0,490.0,741,af582c2d0caa314120ec675821733ac187b7d3e420635c9c3e918d908ecfe514
Essential Cocktail Book,MARTINI,martini,martini,exact_normalized_id,Normalized extracted title maps directly to the canonical recipe id.,A,Exact recipe title verified on source recipe page; dedicated adjacent photo page confirmed; all contact sheets visually audited as cocktail photographs.,images/essential_cocktail_book_2017/essential-2017__martini__photo-p134.webp,135.0,134.0,121.0,490.0,741,e74ecc80c607606645cb82915c3b1b652e00ff921a6187f1bd09f8449995a3c6
Essential Cocktail Book,MEXICAN FIRING SQUAD,mexican-firing-squad,mexican-firing-squad,exact_normalized_id,Normalized extracted title maps directly to the canonical recipe id.,A,Exact recipe title verified on source recipe page; dedicated adjacent photo page confirmed; all contact sheets visually audited as cocktail photographs.,images/essential_cocktail_book_2017/essential-2017__mexican-firing-squad__photo-p137.webp,136.0,137.0,122.0,490.0,741,62788fb0a265690c3a4295a7a15654cc2efb80e13bb9bc7307b3d9c5fc330c93
Essential Cocktail Book,MICHELADA,michelada,michelada,exact_normalized_id,Normalized extracted title maps directly to the canonical recipe id.,A,Exact recipe title verified on source recipe page; dedicated adjacent photo page confirmed; all contact sheets visually audited as cocktail photographs.,images/essential_cocktail_book_2017/essential-2017__michelada__photo-p139.webp,138.0,139.0,124.0,490.0,741,4dd64aa06f104df9802774436dc83116b0c10c81da318c9b1fb1f27165dba87d
Essential Cocktail Book,MILLIONAIRE COCKTAIL,millionaire-cocktail,millionaire-cocktail,exact_normalized_id,Normalized extracted title maps directly to the canonical recipe id.,A,Exact recipe title verified on source recipe page; dedicated adjacent photo page confirmed; all contact sheets visually audited as cocktail photographs.,images/essential_cocktail_book_2017/essential-2017__millionaire-cocktail__photo-p140.webp,141.0,140.0,127.0,490.0,741,79701eadf0a1a39bf18d4179f26382bfedfdbed6d7c048f0e212e84f285d331e
Essential Cocktail Book,MINT JULEP,mint-julep,mint-julep,exact_normalized_id,Normalized extracted title maps directly to the canonical recipe id.,A,Exact recipe title verified on source recipe page; dedicated adjacent photo page confirmed; all contact sheets visually audited as cocktail photographs.,images/essential_cocktail_book_2017/essential-2017__mint-julep__photo-p143.webp,142.0,143.0,128.0,490.0,741,7e0adbab0bb0a4e95d7c29ebc52609acc9027d0e6cd89e86b87444950418988e
Essential Cocktail Book,MOJITO,mojito,mojito,exact_normalized_id,Normalized extracted title maps directly to the canonical recipe id.,A,Exact recipe title verified on source recipe page; dedicated adjacent photo page confirmed; all contact sheets visually audited as cocktail photographs.,images/essential_cocktail_book_2017/essential-2017__mojito__photo-p144.webp,145.0,144.0,131.0,490.0,741,b146f123066158e0dbf432663dcd3bedb271adaf2843ebf226fafe9215d86820
Essential Cocktail Book,MOSCOW MULE,moscow-mule,moscow-mule,exact_normalized_id,Normalized extracted title maps directly to the canonical recipe id.,A,Exact recipe title verified on source recipe page; dedicated adjacent photo page confirmed; all contact sheets visually audited as cocktail photographs.,images/essential_cocktail_book_2017/essential-2017__moscow-mule__photo-p147.webp,146.0,147.0,132.0,490.0,741,9fa139ec63aa72509ddfc5feac492ef4f1601ea7b6043bcf1752a28e8c9579f6
Essential Cocktail Book,NEGRONI,negroni,negroni,exact_normalized_id,Normalized extracted title maps directly to the canonical recipe id.,A,Exact recipe title verified on source recipe page; dedicated adjacent photo page confirmed; all contact sheets visually audited as cocktail photographs.,images/essential_cocktail_book_2017/essential-2017__negroni__photo-p148.webp,149.0,148.0,135.0,490.0,741,9f3b42999e1617ffd08accdc06627d950b286e437c816be12cb6369dd12e8807
Essential Cocktail Book,NEGRONI SBAGLIATO,negroni-sbagliato,negroni-sbagliato,exact_normalized_id,Normalized extracted title maps directly to the canonical recipe id.,A,Exact recipe title verified on source recipe page; dedicated adjacent photo page confirmed; all contact sheets visually audited as cocktail photographs.,images/essential_cocktail_book_2017/essential-2017__negroni-sbagliato__photo-p151.webp,150.0,151.0,136.0,490.0,741,e5eb47efaecc5e4a66454e67f3b6381b00d0a12dd4329ad4f31ed5315001b0ec
Essential Cocktail Book,NEW YORK SOUR,new-york-sour,new-york-sour,exact_normalized_id,Normalized extracted title maps directly to the canonical recipe id.,A,Exact recipe title verified on source recipe page; dedicated adjacent photo page confirmed; all contact sheets visually audited as cocktail photographs.,images/essential_cocktail_book_2017/essential-2017__new-york-sour__photo-p153.webp,152.0,153.0,138.0,490.0,741,76b8c058aecfc2c29879c0fd9ebd170d8a3251ef93b5b8bdb8b63f6baa32d817
Essential Cocktail Book,OLD PAL,old-pal,old-pal,exact_normalized_id,Normalized extracted title maps directly to the canonical recipe id.,A,Exact recipe title verified on source recipe page; dedicated adjacent photo page confirmed; all contact sheets visually audited as cocktail photographs.,images/essential_cocktail_book_2017/essential-2017__old-pal__photo-p154.webp,155.0,154.0,141.0,490.0,741,4bb9de29e21f8c2675c07c91dd98c5f1b3554ba8808c49c378bc42bba7eafc4b
Essential Cocktail Book,OLD-FASHIONED,old-fashioned,old-fashioned,exact_normalized_id,Normalized extracted title maps directly to the canonical recipe id.,A,Exact recipe title verified on source recipe page; dedicated adjacent photo page confirmed; all contact sheets visually audited as cocktail photographs.,images/essential_cocktail_book_2017/essential-2017__old-fashioned__photo-p157.webp,156.0,157.0,142.0,490.0,741,611ab583ed4ba4abdcba35842c4495a85bd564e40dc811c8fc45690188ed3ec7
Essential Cocktail Book,PAINKILLER,painkiller,painkiller,exact_normalized_id,Normalized extracted title maps directly to the canonical recipe id.,A,Exact recipe title verified on source recipe page; dedicated adjacent photo page confirmed; all contact sheets visually audited as cocktail photographs.,images/essential_cocktail_book_2017/essential-2017__painkiller__photo-p159.webp,158.0,159.0,144.0,490.0,741,8ca1d05d9798b6fa75af9742f376af3c84a7476fb72ce50eb518ff3ed5ebb9fb
Essential Cocktail Book,PALOMA,paloma,paloma,exact_normalized_id,Normalized extracted title maps directly to the canonical recipe id.,A,Exact recipe title verified on source recipe page; dedicated adjacent photo page confirmed; all contact sheets visually audited as cocktail photographs.,images/essential_cocktail_book_2017/essential-2017__paloma__photo-p160.webp,161.0,160.0,147.0,490.0,741,273389ddb2ab09b990d5b80bd56e211ec8ec6c541819f714262ae3e011cd5576
Essential Cocktail Book,PEGU CLUB,pegu-club,pegu-club,exact_normalized_id,Normalized extracted title maps directly to the canonical recipe id.,A,Exact recipe title verified on source recipe page; dedicated adjacent photo page confirmed; all contact sheets visually audited as cocktail photographs.,images/essential_cocktail_book_2017/essential-2017__pegu-club__photo-p163.webp,162.0,163.0,148.0,490.0,741,f45414a3bdae3d4d81059f0041ab9a18bfca74bb7c584c7c88b283210b59bbad
Essential Cocktail Book,PHILADELPHIA FISH HOUSE PUNCH,philadelphia-fish-house-punch,philadelphia-fish-house-punch,exact_normalized_id,Normalized extracted title maps directly to the canonical recipe id.,A,Exact recipe title verified on source recipe page; dedicated adjacent photo page confirmed; all contact sheets visually audited as cocktail photographs.,images/essential_cocktail_book_2017/essential-2017__philadelphia-fish-house-punch__photo-p164.webp,165.0,164.0,151.0,490.0,741,f8de67803784cc43b6e3b731b027b8ceda9a752ca44518363fa604daa693d192
Essential Cocktail Book,PIMM’S CUP,pimm-s-cup,pimms-cup,alias_or_source_version,Source title/version maps to canonical recipe id pimms-cup.,A,Exact recipe title verified on source recipe page; dedicated adjacent photo page confirmed; all contact sheets visually audited as cocktail photographs.,images/essential_cocktail_book_2017/essential-2017__pimm-s-cup__photo-p167.webp,166.0,167.0,152.0,490.0,741,dad1acd391dc8e4021fc529b8f971288d26e78d0152b6e94fce782fb1620ad9a
Essential Cocktail Book,PINA COLADA,pina-colada,pina-colada,exact_normalized_id,Normalized extracted title maps directly to the canonical recipe id.,A,Exact recipe title verified on source recipe page; dedicated adjacent photo page confirmed; all contact sheets visually audited as cocktail photographs.,images/essential_cocktail_book_2017/essential-2017__pina-colada__photo-p169.webp,168.0,169.0,154.0,490.0,741,f64e7f82a4568d2d6f53b12f311fcee71b2986050368bb7249ea4f5c8cf6b2c2
Essential Cocktail Book,PISCO SOUR,pisco-sour,pisco-sour,exact_normalized_id,Normalized extracted title maps directly to the canonical recipe id.,A,Exact recipe title verified on source recipe page; dedicated adjacent photo page confirmed; all contact sheets visually audited as cocktail photographs.,images/essential_cocktail_book_2017/essential-2017__pisco-sour__photo-p170.webp,171.0,170.0,157.0,490.0,741,0e4365c007cb2b120bfe0a0d511da091c2aac754749cc7119ad66675c501e8f0
Essential Cocktail Book,PLANTER’S PUNCH,planter-s-punch,planters-punch,alias_or_source_version,Source title/version maps to canonical recipe id planters-punch.,A,Exact recipe title verified on source recipe page; dedicated adjacent photo page confirmed; all contact sheets visually audited as cocktail photographs.,images/essential_cocktail_book_2017/essential-2017__planter-s-punch__photo-p173.webp,172.0,173.0,158.0,490.0,741,a7cd68894bae6fd602bbe6aada6bfc868ff66d62d4ea508fd36705022e8b5fb6
Essential Cocktail Book,QUEEN’S PARK SWIZZLE,queen-s-park-swizzle,queens-park-swizzle,alias_or_source_version,Source title/version maps to canonical recipe id queens-park-swizzle.,A,Exact recipe title verified on source recipe page; dedicated adjacent photo page confirmed; all contact sheets visually audited as cocktail photographs.,images/essential_cocktail_book_2017/essential-2017__queen-s-park-swizzle__photo-p175.webp,174.0,175.0,160.0,490.0,741,d3d74ab07969e858bd77fd604eec72748d9c613ebd76b2ec90c36472b935c1cc
Essential Cocktail Book,RAMOS GIN FIZZ,ramos-gin-fizz,ramos-gin-fizz,exact_normalized_id,Normalized extracted title maps directly to the canonical recipe id.,A,Exact recipe title verified on source recipe page; dedicated adjacent photo page confirmed; all contact sheets visually audited as cocktail photographs.,images/essential_cocktail_book_2017/essential-2017__ramos-gin-fizz__photo-p176.webp,177.0,176.0,163.0,490.0,741,0a69d172af5782c51c2ea1d42b282f9230c96b67c8d01d2d833db13446591831
Essential Cocktail Book,REMEMBER THE MAINE,remember-the-maine,remember-the-maine,exact_normalized_id,Normalized extracted title maps directly to the canonical recipe id.,A,Exact recipe title verified on source recipe page; dedicated adjacent photo page confirmed; all contact sheets visually audited as cocktail photographs.,images/essential_cocktail_book_2017/essential-2017__remember-the-maine__photo-p179.webp,178.0,179.0,164.0,490.0,741,34dc8fcb69903301be9f35ebde8eac46fff2ed51837ff97a89dc30fbe6d48096
Essential Cocktail Book,ROB ROY,rob-roy,rob-roy,exact_normalized_id,Normalized extracted title maps directly to the canonical recipe id.,A,Exact recipe title verified on source recipe page; dedicated adjacent photo page confirmed; all contact sheets visually audited as cocktail photographs.,images/essential_cocktail_book_2017/essential-2017__rob-roy__photo-p180.webp,181.0,180.0,167.0,490.0,741,bce54b47f4cae9338028bbdf37eb92f11a100d5e864981b10bbe62c32680dfe6
Essential Cocktail Book,SAZERAC,sazerac,sazerac,exact_normalized_id,Normalized extracted title maps directly to the canonical recipe id.,A,Exact recipe title verified on source recipe page; dedicated adjacent photo page confirmed; all contact sheets visually audited as cocktail photographs.,images/essential_cocktail_book_2017/essential-2017__sazerac__photo-p183.webp,182.0,183.0,168.0,490.0,741,2c50e4156ca7dc1735d1858510212bc0fac53b5d501cdd0179f1b25118f46dae
Essential Cocktail Book,SCORPION BOWL,scorpion-bowl,scorpion-bowl,exact_normalized_id,Normalized extracted title maps directly to the canonical recipe id.,A,Exact recipe title verified on source recipe page; dedicated adjacent photo page confirmed; all contact sheets visually audited as cocktail photographs.,images/essential_cocktail_book_2017/essential-2017__scorpion-bowl__photo-p185.webp,184.0,185.0,170.0,490.0,741,07b71c59d9cbbef1279d991c03f0c1dd9e94ba76aa95470c4eb62feb2233180b
Essential Cocktail Book,SHERRY COBBLER,sherry-cobbler,sherry-cobbler,exact_normalized_id,Normalized extracted title maps directly to the canonical recipe id.,A,Exact recipe title verified on source recipe page; dedicated adjacent photo page confirmed; all contact sheets visually audited as cocktail photographs.,images/essential_cocktail_book_2017/essential-2017__sherry-cobbler__photo-p186.webp,187.0,186.0,173.0,490.0,741,716823c4373014372c8e143d6897e2a85dd13320b36622aa28fbde3c20a9a5a5
Essential Cocktail Book,SHERRY FLIP,sherry-flip,sherry-flip,exact_normalized_id,Normalized extracted title maps directly to the canonical recipe id.,A,Exact recipe title verified on source recipe page; dedicated adjacent photo page confirmed; all contact sheets visually audited as cocktail photographs.,images/essential_cocktail_book_2017/essential-2017__sherry-flip__photo-p188.webp,189.0,188.0,175.0,490.0,741,c4ca9e4619d8bfa844aadbf846a3dd1fa90bca07149694aef6f277d80f7a22fd
Essential Cocktail Book,SIDECAR,sidecar,sidecar,exact_normalized_id,Normalized extracted title maps directly to the canonical recipe id.,A,Exact recipe title verified on source recipe page; dedicated adjacent photo page confirmed; all contact sheets visually audited as cocktail photographs.,images/essential_cocktail_book_2017/essential-2017__sidecar__photo-p190.webp,191.0,190.0,177.0,490.0,741,e4a51aba19ffdb29442018d95a5ca3df8007ab6f34a224ca7a734ef5f8a64d4d
Essential Cocktail Book,SINGAPORE SLING,singapore-sling,singapore-sling,exact_normalized_id,Normalized extracted title maps directly to the canonical recipe id.,A,Exact recipe title verified on source recipe page; dedicated adjacent photo page confirmed; all contact sheets visually audited as cocktail photographs.,images/essential_cocktail_book_2017/essential-2017__singapore-sling__photo-p193.webp,192.0,193.0,178.0,490.0,741,36f3ff3bead30e5b5053a2c3d0c7e7e694c33522ba5c95c3851a74ec03d125d2
Essential Cocktail Book,SLOE GIN FIZZ,sloe-gin-fizz,sloe-gin-fizz,exact_normalized_id,Normalized extracted title maps directly to the canonical recipe id.,A,Exact recipe title verified on source recipe page; dedicated adjacent photo page confirmed; all contact sheets visually audited as cocktail photographs.,images/essential_cocktail_book_2017/essential-2017__sloe-gin-fizz__photo-p194.webp,195.0,194.0,181.0,490.0,741,915e8081ff5fde1a36a93842d7161aa3e907392ff75c6db4f2bab31f4b85c4af
Essential Cocktail Book,SOUTHSIDE,southside,southside,exact_normalized_id,Normalized extracted title maps directly to the canonical recipe id.,A,Exact recipe title verified on source recipe page; dedicated adjacent photo page confirmed; all contact sheets visually audited as cocktail photographs.,images/essential_cocktail_book_2017/essential-2017__southside__photo-p197.webp,196.0,197.0,182.0,490.0,741,9319e9aaec2eefc3dc28a1a754f21a48a4db1abb6c75a580758494e55f8101a4
Essential Cocktail Book,STONE FENCE,stone-fence,stone-fence,exact_normalized_id,Normalized extracted title maps directly to the canonical recipe id.,A,Exact recipe title verified on source recipe page; dedicated adjacent photo page confirmed; all contact sheets visually audited as cocktail photographs.,images/essential_cocktail_book_2017/essential-2017__stone-fence__photo-p198.webp,199.0,198.0,185.0,490.0,741,46e9a596a4f251e7e432efd891407924912b8023adcb44281329c19070adb945
Essential Cocktail Book,TI’ PUNCH,ti-punch,ti-punch,exact_normalized_id,Normalized extracted title maps directly to the canonical recipe id.,A,Exact recipe title verified on source recipe page; dedicated adjacent photo page confirmed; all contact sheets visually audited as cocktail photographs.,images/essential_cocktail_book_2017/essential-2017__ti-punch__photo-p201.webp,200.0,201.0,186.0,490.0,741,340cc62826a36353fffb2f1b0cc3c1cc04316f33f18e387b0fecda10502a0eed
Essential Cocktail Book,TOM COLLINS,tom-collins,tom-collins,exact_normalized_id,Normalized extracted title maps directly to the canonical recipe id.,A,Exact recipe title verified on source recipe page; dedicated adjacent photo page confirmed; all contact sheets visually audited as cocktail photographs.,images/essential_cocktail_book_2017/essential-2017__tom-collins__photo-p202.webp,203.0,202.0,189.0,490.0,741,437f2ddcc07878bdcd4844541bb6f45fcd44ae2047a466dcee1b9017af71737d
Essential Cocktail Book,TUXEDO,tuxedo,tuxedo,exact_normalized_id,Normalized extracted title maps directly to the canonical recipe id.,A,Exact recipe title verified on source recipe page; dedicated adjacent photo page confirmed; all contact sheets visually audited as cocktail photographs.,images/essential_cocktail_book_2017/essential-2017__tuxedo__photo-p205.webp,204.0,205.0,190.0,490.0,741,fbc27cac7027744b3fde12293b593e1663e8cd50b1b446f0548fc5dad357bdd2
Essential Cocktail Book,VESPER,vesper,vesper,exact_normalized_id,Normalized extracted title maps directly to the canonical recipe id.,A,Exact recipe title verified on source recipe page; dedicated adjacent photo page confirmed; all contact sheets visually audited as cocktail photographs.,images/essential_cocktail_book_2017/essential-2017__vesper__photo-p206.webp,207.0,206.0,193.0,490.0,741,cb351ac19bc364eba7c008ad0a6ab4c7909442548ab3f9d3ced23414cad75a27
Essential Cocktail Book,VIEUX CARRE,vieux-carre,vieux-carre,exact_normalized_id,Normalized extracted title maps directly to the canonical recipe id.,A,Exact recipe title verified on source recipe page; dedicated adjacent photo page confirmed; all contact sheets visually audited as cocktail photographs.,images/essential_cocktail_book_2017/essential-2017__vieux-carre__photo-p209.webp,208.0,209.0,194.0,490.0,741,9e9644286b140462779a6dfa5ba2d722fe6e88cd6b114c6f02ead560d238446b
Essential Cocktail Book,WHISKEY SMASH,whiskey-smash,whiskey-smash,exact_normalized_id,Normalized extracted title maps directly to the canonical recipe id.,A,Exact recipe title verified on source recipe page; dedicated adjacent photo page confirmed; all contact sheets visually audited as cocktail photographs.,images/essential_cocktail_book_2017/essential-2017__whiskey-smash__photo-p210.webp,211.0,210.0,197.0,490.0,741,fbe4b409ca26963f78f39d797967bbf7cf35c217d5e35f7f1b348def43f2c7f2
Essential Cocktail Book,WHISKEY SOUR,whiskey-sour,whiskey-sour,exact_normalized_id,Normalized extracted title maps directly to the canonical recipe id.,A,Exact recipe title verified on source recipe page; dedicated adjacent photo page confirmed; all contact sheets visually audited as cocktail photographs.,images/essential_cocktail_book_2017/essential-2017__whiskey-sour__photo-p213.webp,212.0,213.0,198.0,490.0,741,17101d3f4920353339c3416dd1ee930c44fc6ea565cf21cb93fa2b63e30b8b0f
Essential Cocktail Book,ZOMBIE,zombie,zombie,exact_normalized_id,Normalized extracted title maps directly to the canonical recipe id.,A,Exact recipe title verified on source recipe page; dedicated adjacent photo page confirmed; all contact sheets visually audited as cocktail photographs.,images/essential_cocktail_book_2017/essential-2017__zombie__photo-p215.webp,214.0,215.0,200.0,490.0,741,64913970565eacbd14c530bec27003a0b92212d88264e3377193fceddad6a077
Essential Cocktail Book,AMERICAN TRILOGY,american-trilogy,american-trilogy,exact_normalized_id,Normalized extracted title maps directly to the canonical recipe id.,A,Exact recipe title verified on source recipe page; dedicated adjacent photo page confirmed; all contact sheets visually audited as cocktail photographs.,images/essential_cocktail_book_2017/essential-2017__american-trilogy__photo-p218.webp,219.0,218.0,205.0,490.0,741,17c2d819d74b29e28192837af78e5e8b30264146276c4af878e7b136507a7bc2
Essential Cocktail Book,AMERICANO PERFECTO,americano-perfecto,americano-perfecto,exact_normalized_id,Normalized extracted title maps directly to the canonical recipe id.,A,Exact recipe title verified on source recipe page; dedicated adjacent photo page confirmed; all contact sheets visually audited as cocktail photographs.,images/essential_cocktail_book_2017/essential-2017__americano-perfecto__photo-p220.webp,221.0,220.0,207.0,490.0,741,9e4bab84bbce7a88a39ad6e39e2c15e0fe4077879a0fc15da54b086d4549c585
Essential Cocktail Book,ANGOSTURA COLADA,angostura-colada,angostura-colada,exact_normalized_id,Normalized extracted title maps directly to the canonical recipe id.,A,Exact recipe title verified on source recipe page; dedicated adjacent photo page confirmed; all contact sheets visually audited as cocktail photographs.,images/essential_cocktail_book_2017/essential-2017__angostura-colada__photo-p223.webp,222.0,223.0,208.0,490.0,741,7e789887c9127f817aab55ce6f773ffb8560c96905589b8e721e165d1730f434
Essential Cocktail Book,ARCHANGEL,archangel,archangel,exact_normalized_id,Normalized extracted title maps directly to the canonical recipe id.,A,Exact recipe title verified on source recipe page; dedicated adjacent photo page confirmed; all contact sheets visually audited as cocktail photographs.,images/essential_cocktail_book_2017/essential-2017__archangel__photo-p224.webp,225.0,224.0,211.0,490.0,741,7bf10578ab6bf70c43f15b20a1770cf74fcf0f772011163d2a8aa6cbc14912b8
Essential Cocktail Book,BARBER OF SEVILLE,barber-of-seville,barber-of-seville,exact_normalized_id,Normalized extracted title maps directly to the canonical recipe id.,A,Exact recipe title verified on source recipe page; dedicated adjacent photo page confirmed; all contact sheets visually audited as cocktail photographs.,images/essential_cocktail_book_2017/essential-2017__barber-of-seville__photo-p227.webp,226.0,227.0,212.0,490.0,741,9d61db4e6463056d3b0b5b7cb14b10b73166fddd22fc7b30a66b69b46fa88a97
Essential Cocktail Book,BENTON’S OLD-FASHIONED,benton-s-old-fashioned,benton-s-old-fashioned,exact_normalized_id,Normalized extracted title maps directly to the canonical recipe id.,A,Exact recipe title verified on source recipe page; dedicated adjacent photo page confirmed; all contact sheets visually audited as cocktail photographs.,images/essential_cocktail_book_2017/essential-2017__benton-s-old-fashioned__photo-p229.webp,228.0,229.0,214.0,490.0,741,8254266e143e788f99f812fadbb6133d2e4b98022c4e89b4170c5e8a7994c2f4
Essential Cocktail Book,BITTER INTENTIONS,bitter-intentions,bitter-intentions,exact_normalized_id,Normalized extracted title maps directly to the canonical recipe id.,A,Exact recipe title verified on source recipe page; dedicated adjacent photo page confirmed; all contact sheets visually audited as cocktail photographs.,images/essential_cocktail_book_2017/essential-2017__bitter-intentions__photo-p230.webp,231.0,230.0,217.0,490.0,741,33120bfa8baddc0d42cafd927d52d05860171c5b6e20730f483d7952876f17c5
Essential Cocktail Book,BITTER MAI TAI,bitter-mai-tai,bitter-mai-tai,exact_normalized_id,Normalized extracted title maps directly to the canonical recipe id.,A,Exact recipe title verified on source recipe page; dedicated adjacent photo page confirmed; all contact sheets visually audited as cocktail photographs.,images/essential_cocktail_book_2017/essential-2017__bitter-mai-tai__photo-p233.webp,232.0,233.0,218.0,490.0,741,e51128988f59f2065e5923098567413b47b257a5e2ecfb6dd1234efa9ab946fb
Essential Cocktail Book,BITTER TOM,bitter-tom,bitter-tom,exact_normalized_id,Normalized extracted title maps directly to the canonical recipe id.,A,Exact recipe title verified on source recipe page; dedicated adjacent photo page confirmed; all contact sheets visually audited as cocktail photographs.,images/essential_cocktail_book_2017/essential-2017__bitter-tom__photo-p234.webp,235.0,234.0,221.0,490.0,741,5d3c1bfca4f34fab3e59d7dbc4834896705f9e63e8d25c6b562f136a6b99ecaf
Essential Cocktail Book,BOO RADLEY,boo-radley,boo-radley,exact_normalized_id,Normalized extracted title maps directly to the canonical recipe id.,A,Exact recipe title verified on source recipe page; dedicated adjacent photo page confirmed; all contact sheets visually audited as cocktail photographs.,images/essential_cocktail_book_2017/essential-2017__boo-radley__photo-p236.webp,237.0,236.0,223.0,490.0,741,3a7e10c9e69af3002213245462f15981db335ef7528b59a58c5596d8495f16e7
Essential Cocktail Book,BRAMBLE,bramble,bramble,exact_normalized_id,Normalized extracted title maps directly to the canonical recipe id.,A,Exact recipe title verified on source recipe page; dedicated adjacent photo page confirmed; all contact sheets visually audited as cocktail photographs.,images/essential_cocktail_book_2017/essential-2017__bramble__photo-p239.webp,238.0,239.0,224.0,490.0,741,87ead032916ce59d3454ea7129641a4d6b53eb24a4d915f8e450ca569a6e400a
Essential Cocktail Book,BRANCOLADA,brancolada,brancolada,exact_normalized_id,Normalized extracted title maps directly to the canonical recipe id.,A,Exact recipe title verified on source recipe page; dedicated adjacent photo page confirmed; all contact sheets visually audited as cocktail photographs.,images/essential_cocktail_book_2017/essential-2017__brancolada__photo-p241.webp,240.0,241.0,226.0,490.0,741,22bf9ba05d7db27aa1dbdca5bb5b2d2d108d97e011c7c69f9b9e17fc09d3f4a3
Essential Cocktail Book,CAMPARI RADLER,campari-radler,campari-radler,exact_normalized_id,Normalized extracted title maps directly to the canonical recipe id.,A,Exact recipe title verified on source recipe page; dedicated adjacent photo page confirmed; all contact sheets visually audited as cocktail photographs.,images/essential_cocktail_book_2017/essential-2017__campari-radler__photo-p242.webp,243.0,242.0,229.0,490.0,741,4e201bef582cf9059f2a783fe28eeb968e65252b4d6475a53ad356b3a986049d
Essential Cocktail Book,CHARTREUSE SWIZZLE,chartreuse-swizzle,chartreuse-swizzle,exact_normalized_id,Normalized extracted title maps directly to the canonical recipe id.,A,Exact recipe title verified on source recipe page; dedicated adjacent photo page confirmed; all contact sheets visually audited as cocktail photographs.,images/essential_cocktail_book_2017/essential-2017__chartreuse-swizzle__photo-p245.webp,244.0,245.0,230.0,490.0,741,44023a00039225d21cb1378bfcdcea66ad4857110a6975df29a6a00bbc3ddc34
Essential Cocktail Book,COSMOPOLITAN,cosmopolitan,cosmopolitan,exact_normalized_id,Normalized extracted title maps directly to the canonical recipe id.,A,Exact recipe title verified on source recipe page; dedicated adjacent photo page confirmed; all contact sheets visually audited as cocktail photographs.,images/essential_cocktail_book_2017/essential-2017__cosmopolitan__photo-p246.webp,247.0,246.0,233.0,490.0,741,b79b2e5106b76a0951c7bf0b5a617b5277d1771e98ab8bfdb7c1b6bb7b15b511
Essential Cocktail Book,DOROTHY’S DELIGHT,dorothy-s-delight,dorothy-s-delight,exact_normalized_id,Normalized extracted title maps directly to the canonical recipe id.,A,Exact recipe title verified on source recipe page; dedicated adjacent photo page confirmed; all contact sheets visually audited as cocktail photographs.,images/essential_cocktail_book_2017/essential-2017__dorothy-s-delight__photo-p249.webp,248.0,249.0,234.0,490.0,741,3fc0aade836db737e0e23878399a20de73773c154ee78d9ac76487da6eee4d14
Essential Cocktail Book,FILIBUSTER,filibuster,filibuster,exact_normalized_id,Normalized extracted title maps directly to the canonical recipe id.,A,Exact recipe title verified on source recipe page; dedicated adjacent photo page confirmed; all contact sheets visually audited as cocktail photographs.,images/essential_cocktail_book_2017/essential-2017__filibuster__photo-p250.webp,251.0,250.0,237.0,490.0,741,d51810cc0d7d741872ed219a778ffb082329844e78473647831b3247da639d23
Essential Cocktail Book,FITTY-FITTY MARTINI,fitty-fitty-martini,fitty-fitty-martini,exact_normalized_id,Normalized extracted title maps directly to the canonical recipe id.,A,Exact recipe title verified on source recipe page; dedicated adjacent photo page confirmed; all contact sheets visually audited as cocktail photographs.,images/essential_cocktail_book_2017/essential-2017__fitty-fitty-martini__photo-p253.webp,252.0,253.0,238.0,490.0,741,3c0cf0060a9ff2007dd804b9f4af0cbb911433b743b84019374f698588531714
Essential Cocktail Book,FLANNEL SHIRT,flannel-shirt,flannel-shirt,exact_normalized_id,Normalized extracted title maps directly to the canonical recipe id.,A,Exact recipe title verified on source recipe page; dedicated adjacent photo page confirmed; all contact sheets visually audited as cocktail photographs.,images/essential_cocktail_book_2017/essential-2017__flannel-shirt__photo-p254.webp,255.0,254.0,241.0,490.0,741,0b95571759c6f78d169e851e35cba4436c13ee96441b4e58bc37a9cec6696732
Essential Cocktail Book,FLATIRON MARTINI,flatiron-martini,flatiron-martini,exact_normalized_id,Normalized extracted title maps directly to the canonical recipe id.,A,Exact recipe title verified on source recipe page; dedicated adjacent photo page confirmed; all contact sheets visually audited as cocktail photographs.,images/essential_cocktail_book_2017/essential-2017__flatiron-martini__photo-p257.webp,256.0,257.0,242.0,490.0,741,b2f75dc5683e98a1b056a3d499a981fa9c50258b41cab1fdc0e9453656bf76e6
Essential Cocktail Book,FROZEN NEGRONI,frozen-negroni,frozen-negroni,exact_normalized_id,Normalized extracted title maps directly to the canonical recipe id.,A,Exact recipe title verified on source recipe page; dedicated adjacent photo page confirmed; all contact sheets visually audited as cocktail photographs.,images/essential_cocktail_book_2017/essential-2017__frozen-negroni__photo-p258.webp,259.0,258.0,245.0,490.0,741,142d1cd0e369a142a7369a0eccf5d4283dff8db48ffbcc50bf656ffb8e2ec7e9
Essential Cocktail Book,GIN AND JUICE,gin-and-juice,gin-and-juice,exact_normalized_id,Normalized extracted title maps directly to the canonical recipe id.,A,Exact recipe title verified on source recipe page; dedicated adjacent photo page confirmed; all contact sheets visually audited as cocktail photographs.,images/essential_cocktail_book_2017/essential-2017__gin-and-juice__photo-p261.webp,260.0,261.0,246.0,490.0,741,e1613d9b47bbe5ef7e732eb3cb073a3ddb44a0599225874dcaad5f4345a8369a
Essential Cocktail Book,GIN BLOSSOM,gin-blossom,gin-blossom,exact_normalized_id,Normalized extracted title maps directly to the canonical recipe id.,A,Exact recipe title verified on source recipe page; dedicated adjacent photo page confirmed; all contact sheets visually audited as cocktail photographs.,images/essential_cocktail_book_2017/essential-2017__gin-blossom__photo-p262.webp,263.0,262.0,249.0,490.0,741,2501857aca25756c8f939bdc2ee4e875744ba6a5be368b79c76ce1a9d725d304
Essential Cocktail Book,GLASGOW MULE,glasgow-mule,glasgow-mule,exact_normalized_id,Normalized extracted title maps directly to the canonical recipe id.,A,Exact recipe title verified on source recipe page; dedicated adjacent photo page confirmed; all contact sheets visually audited as cocktail photographs.,images/essential_cocktail_book_2017/essential-2017__glasgow-mule__photo-p265.webp,264.0,265.0,250.0,490.0,741,0f7795aeda25b17df4c1230e7cce8ab4326d9341a0e093eba49fc3a1797ba413
Essential Cocktail Book,GO-TO,go-to,go-to,exact_normalized_id,Normalized extracted title maps directly to the canonical recipe id.,A,Exact recipe title verified on source recipe page; dedicated adjacent photo page confirmed; all contact sheets visually audited as cocktail photographs.,images/essential_cocktail_book_2017/essential-2017__go-to__photo-p267.webp,266.0,267.0,252.0,490.0,741,99aa61f35a5a001d62036c52fb3b45d5abaf60ff754b85316c7d39c3b824e228
Essential Cocktail Book,HEART-SHAPED BOX,heart-shaped-box,heart-shaped-box,exact_normalized_id,Normalized extracted title maps directly to the canonical recipe id.,A,Exact recipe title verified on source recipe page; dedicated adjacent photo page confirmed; all contact sheets visually audited as cocktail photographs.,images/essential_cocktail_book_2017/essential-2017__heart-shaped-box__photo-p268.webp,269.0,268.0,255.0,490.0,741,9995a2488691116d6b7e03beaec9610dd778917eda717c245d1c54e6ab40ff28
Essential Cocktail Book,HIBISCUS PUNCH ROYALE,hibiscus-punch-royale,hibiscus-punch-royale,exact_normalized_id,Normalized extracted title maps directly to the canonical recipe id.,A,Exact recipe title verified on source recipe page; dedicated adjacent photo page confirmed; all contact sheets visually audited as cocktail photographs.,images/essential_cocktail_book_2017/essential-2017__hibiscus-punch-royale__photo-p271.webp,270.0,271.0,256.0,490.0,741,05f45d32cd40a3b44d752808faff6e7e06c70c6a960497b1fcd2761c2304395d
Essential Cocktail Book,HOP OVER,hop-over,hop-over,exact_normalized_id,Normalized extracted title maps directly to the canonical recipe id.,A,Exact recipe title verified on source recipe page; dedicated adjacent photo page confirmed; all contact sheets visually audited as cocktail photographs.,images/essential_cocktail_book_2017/essential-2017__hop-over__photo-p272.webp,273.0,272.0,259.0,490.0,741,8b17814ad306aaddacb8ebbc54e79f89e55cf8724603787051b69f76e0cc535d
Essential Cocktail Book,ITALIAN BUCK,italian-buck,italian-buck,exact_normalized_id,Normalized extracted title maps directly to the canonical recipe id.,A,Exact recipe title verified on source recipe page; dedicated adjacent photo page confirmed; all contact sheets visually audited as cocktail photographs.,images/essential_cocktail_book_2017/essential-2017__italian-buck__photo-p275.webp,274.0,275.0,260.0,490.0,741,db03943015e65a85b61e8e279662d795a2719bf3e00e2529719b4e39afe61f6f
Essential Cocktail Book,JOGGLING BOARD,joggling-board,joggling-board,exact_normalized_id,Normalized extracted title maps directly to the canonical recipe id.,A,Exact recipe title verified on source recipe page; dedicated adjacent photo page confirmed; all contact sheets visually audited as cocktail photographs.,images/essential_cocktail_book_2017/essential-2017__joggling-board__photo-p276.webp,277.0,276.0,263.0,490.0,741,2e3459738836a3088383615f4192dbc72c9c07c3df5f2a6f848f948eeb8bc326
Essential Cocktail Book,KENTUCKY BUCK,kentucky-buck,kentucky-buck,exact_normalized_id,Normalized extracted title maps directly to the canonical recipe id.,A,Exact recipe title verified on source recipe page; dedicated adjacent photo page confirmed; all contact sheets visually audited as cocktail photographs.,images/essential_cocktail_book_2017/essential-2017__kentucky-buck__photo-p279.webp,278.0,279.0,264.0,490.0,741,038918303d8bd38be0a3a8e1822405db7a391f3a9a90d47134e05a56cec41856
Essential Cocktail Book,LA BOMBA DAIQUIRI,la-bomba-daiquiri,la-bomba-daiquiri,exact_normalized_id,Normalized extracted title maps directly to the canonical recipe id.,A,Exact recipe title verified on source recipe page; dedicated adjacent photo page confirmed; all contact sheets visually audited as cocktail photographs.,images/essential_cocktail_book_2017/essential-2017__la-bomba-daiquiri__photo-p280.webp,281.0,280.0,267.0,486.0,744,dec5e3b64d6fd42e80d1704b383afb51d71388a662b9dd01895a00005f179099
Essential Cocktail Book,LATIN TRIFECTA,latin-trifecta,latin-trifecta,exact_normalized_id,Normalized extracted title maps directly to the canonical recipe id.,A,Exact recipe title verified on source recipe page; dedicated adjacent photo page confirmed; all contact sheets visually audited as cocktail photographs.,images/essential_cocktail_book_2017/essential-2017__latin-trifecta__photo-p283.webp,282.0,283.0,268.0,490.0,741,a425f12235a48e6a486cf3f2ae15a331156badf5eadd43b73d982d5f1131f1d7
Essential Cocktail Book,LEFTY’S FIZZ,lefty-s-fizz,lefty-s-fizz,exact_normalized_id,Normalized extracted title maps directly to the canonical recipe id.,A,Exact recipe title verified on source recipe page; dedicated adjacent photo page confirmed; all contact sheets visually audited as cocktail photographs.,images/essential_cocktail_book_2017/essential-2017__lefty-s-fizz__photo-p285.webp,284.0,285.0,270.0,490.0,741,9d71f4f443c9314d0cf7d4d0be89b398eff19e281d03bec9745033691c7ca2e2
Essential Cocktail Book,LONG ISLAND BAR GIMLET,long-island-bar-gimlet,long-island-bar-gimlet,exact_normalized_id,Normalized extracted title maps directly to the canonical recipe id.,A,Exact recipe title verified on source recipe page; dedicated adjacent photo page confirmed; all contact sheets visually audited as cocktail photographs.,images/essential_cocktail_book_2017/essential-2017__long-island-bar-gimlet__photo-p286.webp,287.0,286.0,273.0,490.0,741,e06306123fb67d7cecdf8a9bbc5df54d4a45fa0f1bae30d69acbf59cb6426ef5
Essential Cocktail Book,MEXICAN TRICYCLE,mexican-tricycle,mexican-tricycle,exact_normalized_id,Normalized extracted title maps directly to the canonical recipe id.,A,Exact recipe title verified on source recipe page; dedicated adjacent photo page confirmed; all contact sheets visually audited as cocktail photographs.,images/essential_cocktail_book_2017/essential-2017__mexican-tricycle__photo-p289.webp,288.0,289.0,274.0,490.0,741,597ca5eab6605e2482947d833791ad6c8bc0a3add3d1a469d2a13bf534cbb0fe
Essential Cocktail Book,MOTT AND MULBERRY,mott-and-mulberry,mott-and-mulberry,exact_normalized_id,Normalized extracted title maps directly to the canonical recipe id.,A,Exact recipe title verified on source recipe page; dedicated adjacent photo page confirmed; all contact sheets visually audited as cocktail photographs.,images/essential_cocktail_book_2017/essential-2017__mott-and-mulberry__photo-p290.webp,291.0,290.0,277.0,490.0,741,6ab260994363e92c2768193eba01b8962da1b074a76cd45b026f408d56a882cf
Essential Cocktail Book,MOUNTAIN MAN,mountain-man,mountain-man,exact_normalized_id,Normalized extracted title maps directly to the canonical recipe id.,A,Exact recipe title verified on source recipe page; dedicated adjacent photo page confirmed; all contact sheets visually audited as cocktail photographs.,images/essential_cocktail_book_2017/essential-2017__mountain-man__photo-p293.webp,292.0,293.0,278.0,490.0,741,74e20245eca369be4d31259df393181c8c18cc0523126fb21bc1d094073f994e
Essential Cocktail Book,NATOMA ST.,natoma-st,natoma-st,exact_normalized_id,Normalized extracted title maps directly to the canonical recipe id.,A,Exact recipe title verified on source recipe page; dedicated adjacent photo page confirmed; all contact sheets visually audited as cocktail photographs.,images/essential_cocktail_book_2017/essential-2017__natoma-st__photo-p294.webp,295.0,294.0,281.0,490.0,741,e0856828a256d5e27b28ccee3c817398acce21a321ed57750e2dc87fb518c8c3
Essential Cocktail Book,OAXACA OLD-FASHIONED,oaxaca-old-fashioned,oaxaca-old-fashioned,exact_normalized_id,Normalized extracted title maps directly to the canonical recipe id.,A,Exact recipe title verified on source recipe page; dedicated adjacent photo page confirmed; all contact sheets visually audited as cocktail photographs.,images/essential_cocktail_book_2017/essential-2017__oaxaca-old-fashioned__photo-p297.webp,296.0,297.0,282.0,490.0,741,0f2ab5d8819437c42b466f72052119ab879e1c36425f81c6e8097c8d5d0fe134
Essential Cocktail Book,OLD HICKORY,old-hickory,old-hickory,exact_normalized_id,Normalized extracted title maps directly to the canonical recipe id.,A,Exact recipe title verified on source recipe page; dedicated adjacent photo page confirmed; all contact sheets visually audited as cocktail photographs.,images/essential_cocktail_book_2017/essential-2017__old-hickory__photo-p298.webp,299.0,298.0,285.0,490.0,741,8283f6e8131575bcc51bff4229965f5c72270c6cf122bd405ab5ad6028fb2d75
Essential Cocktail Book,OXFORD COMMA,oxford-comma,oxford-comma,exact_normalized_id,Normalized extracted title maps directly to the canonical recipe id.,A,Exact recipe title verified on source recipe page; dedicated adjacent photo page confirmed; all contact sheets visually audited as cocktail photographs.,images/essential_cocktail_book_2017/essential-2017__oxford-comma__photo-p301.webp,300.0,301.0,286.0,490.0,741,88da8d60f7280995b9071a443eb1aac3cda85c85b7178141ec4f99f7ada70624
Essential Cocktail Book,PADANG SWIZZLE,padang-swizzle,padang-swizzle,exact_normalized_id,Normalized extracted title maps directly to the canonical recipe id.,A,Exact recipe title verified on source recipe page; dedicated adjacent photo page confirmed; all contact sheets visually audited as cocktail photographs.,images/essential_cocktail_book_2017/essential-2017__padang-swizzle__photo-p302.webp,303.0,302.0,289.0,490.0,741,7c312541a555a7db37f706c7750c5f49130dc3876107d97a9be45ece29441fdb
Essential Cocktail Book,PAPER PLANE,paper-plane,paper-plane,exact_normalized_id,Normalized extracted title maps directly to the canonical recipe id.,A,Exact recipe title verified on source recipe page; dedicated adjacent photo page confirmed; all contact sheets visually audited as cocktail photographs.,images/essential_cocktail_book_2017/essential-2017__paper-plane__photo-p305.webp,304.0,305.0,290.0,490.0,741,91af9726ca281c4ea19ea9386aa2c59eae5c8eff3034911430da7c48ab6720d5
Essential Cocktail Book,PARISH HALL PUNCH,parish-hall-punch,parish-hall-punch,exact_normalized_id,Normalized extracted title maps directly to the canonical recipe id.,A,Exact recipe title verified on source recipe page; dedicated adjacent photo page confirmed; all contact sheets visually audited as cocktail photographs.,images/essential_cocktail_book_2017/essential-2017__parish-hall-punch__photo-p306.webp,307.0,306.0,293.0,490.0,741,6f1c5bc96a1605468aeada7e5a0f963bb0581a158e3db4996a4d9456d3c14c21
Essential Cocktail Book,PENICILLIN,penicillin,penicillin,exact_normalized_id,Normalized extracted title maps directly to the canonical recipe id.,A,Exact recipe title verified on source recipe page; dedicated adjacent photo page confirmed; all contact sheets visually audited as cocktail photographs.,images/essential_cocktail_book_2017/essential-2017__penicillin__photo-p309.webp,308.0,309.0,294.0,490.0,741,c1e0311c994488f0e7ac3f6bdbf47f384d529e3576842497eb3da81708301282
Essential Cocktail Book,PINA VERDE,pina-verde,pina-verde,exact_normalized_id,Normalized extracted title maps directly to the canonical recipe id.,A,Exact recipe title verified on source recipe page; dedicated adjacent photo page confirmed; all contact sheets visually audited as cocktail photographs.,images/essential_cocktail_book_2017/essential-2017__pina-verde__photo-p310.webp,311.0,310.0,297.0,490.0,741,21bafd52fbf1ed74e5934c8cf356fb3336a3a2c5c4617148b7efd5603659fbca
Essential Cocktail Book,POMPELMO SOUR,pompelmo-sour,pompelmo-sour,exact_normalized_id,Normalized extracted title maps directly to the canonical recipe id.,A,Exact recipe title verified on source recipe page; dedicated adjacent photo page confirmed; all contact sheets visually audited as cocktail photographs.,images/essential_cocktail_book_2017/essential-2017__pompelmo-sour__photo-p312.webp,313.0,312.0,299.0,490.0,741,a95952e588d9f96271b1056c67db92550522c616563f388879b9c6974ee3e621
Essential Cocktail Book,POPPA’S PRIDE,poppa-s-pride,poppas-pride,alias_or_source_version,Source title/version maps to canonical recipe id poppas-pride.,A,Exact recipe title verified on source recipe page; dedicated adjacent photo page confirmed; all contact sheets visually audited as cocktail photographs.,images/essential_cocktail_book_2017/essential-2017__poppa-s-pride__photo-p315.webp,314.0,315.0,300.0,490.0,741,a5cb421f175a6bd356c66db7c16a2a3f40269bcdb0e9bac73e9d8c609ed21d69
Essential Cocktail Book,RED HOOK,red-hook,red-hook,exact_normalized_id,Normalized extracted title maps directly to the canonical recipe id.,A,Exact recipe title verified on source recipe page; dedicated adjacent photo page confirmed; all contact sheets visually audited as cocktail photographs.,images/essential_cocktail_book_2017/essential-2017__red-hook__photo-p316.webp,317.0,316.0,303.0,490.0,741,60afb88eb8d48e188ce5f2f2a3ff41437992aecb901853c7f7df3d9285319e11
Essential Cocktail Book,REVOLVER,revolver,revolver,exact_normalized_id,Normalized extracted title maps directly to the canonical recipe id.,A,Exact recipe title verified on source recipe page; dedicated adjacent photo page confirmed; all contact sheets visually audited as cocktail photographs.,images/essential_cocktail_book_2017/essential-2017__revolver__photo-p319.webp,318.0,319.0,304.0,490.0,741,c9d9f30eee03abca868088c98d5d04992d840cd7b78488be5219655dff5fbd24
Essential Cocktail Book,RHYTHM AND SOUL,rhythm-and-soul,rhythm-and-soul,exact_normalized_id,Normalized extracted title maps directly to the canonical recipe id.,A,Exact recipe title verified on source recipe page; dedicated adjacent photo page confirmed; all contact sheets visually audited as cocktail photographs.,images/essential_cocktail_book_2017/essential-2017__rhythm-and-soul__photo-p320.webp,321.0,320.0,307.0,490.0,741,02db6a322dfe7845952e2fd6931126a23fa9b2d0ff170a02ea96bb1f0941e22c
Essential Cocktail Book,ROME WITH A VIEW,rome-with-a-view,rome-with-a-view,exact_normalized_id,Normalized extracted title maps directly to the canonical recipe id.,A,Exact recipe title verified on source recipe page; dedicated adjacent photo page confirmed; all contact sheets visually audited as cocktail photographs.,images/essential_cocktail_book_2017/essential-2017__rome-with-a-view__photo-p322.webp,323.0,322.0,309.0,490.0,741,ba95a9a4327828630f043211279f5c2970121cb447061ca28244755d415f31b6
Essential Cocktail Book,ROYAL PIMM’S CUP,royal-pimm-s-cup,royal-pimms-cup,alias_or_source_version,Source title/version maps to canonical recipe id royal-pimms-cup.,A,Exact recipe title verified on source recipe page; dedicated adjacent photo page confirmed; all contact sheets visually audited as cocktail photographs.,images/essential_cocktail_book_2017/essential-2017__royal-pimm-s-cup__photo-p325.webp,324.0,325.0,310.0,490.0,741,36e3000882977bf9482494fcda7b5d8c0f314e49dca28ca2b65eb813b624b752
Essential Cocktail Book,SAKURA MARTINI,sakura-martini,sakura-martini,exact_normalized_id,Normalized extracted title maps directly to the canonical recipe id.,A,Exact recipe title verified on source recipe page; dedicated adjacent photo page confirmed; all contact sheets visually audited as cocktail photographs.,images/essential_cocktail_book_2017/essential-2017__sakura-martini__photo-p326.webp,327.0,326.0,313.0,490.0,741,6a191c2815943a64dbbe09240a7783c79db74eb5ce2d2066bdc44eda232ba4ab
Essential Cocktail Book,SECOND SERVE,second-serve,second-serve,exact_normalized_id,Normalized extracted title maps directly to the canonical recipe id.,A,Exact recipe title verified on source recipe page; dedicated adjacent photo page confirmed; all contact sheets visually audited as cocktail photographs.,images/essential_cocktail_book_2017/essential-2017__second-serve__photo-p329.webp,328.0,329.0,314.0,490.0,741,9d890c9f1abd7ca1fb3edf2ac97e93ea926276adff06917645e0c4369d2c2270
Essential Cocktail Book,SHOW ME STATE,show-me-state,show-me-state,exact_normalized_id,Normalized extracted title maps directly to the canonical recipe id.,A,Exact recipe title verified on source recipe page; dedicated adjacent photo page confirmed; all contact sheets visually audited as cocktail photographs.,images/essential_cocktail_book_2017/essential-2017__show-me-state__photo-p330.webp,331.0,330.0,317.0,490.0,741,986488f793065613d14dd2affd2f0a78c8dc8bb01e8a978005ced38f4da89b83
Essential Cocktail Book,SUPPRESSOR #1,suppressor-1,suppressor-1,exact_normalized_id,Normalized extracted title maps directly to the canonical recipe id.,A,Exact recipe title verified on source recipe page; dedicated adjacent photo page confirmed; all contact sheets visually audited as cocktail photographs.,images/essential_cocktail_book_2017/essential-2017__suppressor-1__photo-p332.webp,333.0,332.0,319.0,465.0,733,bc00838f31e451e7f7d9bf9af0ff722da3908c70aa1f9b7ed6f0cc2efb471213
Essential Cocktail Book,TOKYO DRIFT,tokyo-drift,tokyo-drift,exact_normalized_id,Normalized extracted title maps directly to the canonical recipe id.,A,Exact recipe title verified on source recipe page; dedicated adjacent photo page confirmed; all contact sheets visually audited as cocktail photographs.,images/essential_cocktail_book_2017/essential-2017__tokyo-drift__photo-p335.webp,334.0,335.0,320.0,490.0,741,3a2fe96c20b9fc50eb17e8785b48df9f6fe0b9f3cbaa653162dd15d198b4e30b
Essential Cocktail Book,TRIDENT,trident,trident,exact_normalized_id,Normalized extracted title maps directly to the canonical recipe id.,A,Exact recipe title verified on source recipe page; dedicated adjacent photo page confirmed; all contact sheets visually audited as cocktail photographs.,images/essential_cocktail_book_2017/essential-2017__trident__photo-p336.webp,337.0,336.0,323.0,490.0,741,fc60590d3e479ce19e620e28634b6e0ca72e1f2f4c09a67c532782baf00ba1f5
Essential Cocktail Book,WEATHERED AXE,weathered-axe,weathered-axe,exact_normalized_id,Normalized extracted title maps directly to the canonical recipe id.,A,Exact recipe title verified on source recipe page; dedicated adjacent photo page confirmed; all contact sheets visually audited as cocktail photographs.,images/essential_cocktail_book_2017/essential-2017__weathered-axe__photo-p339.webp,338.0,339.0,324.0,490.0,741,9cea53f7b2f3c710b6b08d57611a27780095843622a8e29f36af43f46160946e
Essential Cocktail Book,WHITE NEGRONI,white-negroni,white-negroni,exact_normalized_id,Normalized extracted title maps directly to the canonical recipe id.,A,Exact recipe title verified on source recipe page; dedicated adjacent photo page confirmed; all contact sheets visually audited as cocktail photographs.,images/essential_cocktail_book_2017/essential-2017__white-negroni__photo-p340.webp,341.0,340.0,327.0,490.0,741,bceb2a33653222e0fb54fe4825a89f42375607ffcfcb1760632ed820ce1a28a9
Essential Cocktail Book,WHITE NEGRONI SBAGLIATO,white-negroni-sbagliato,white-negroni-sbagliato,exact_normalized_id,Normalized extracted title maps directly to the canonical recipe id.,A,Exact recipe title verified on source recipe page; dedicated adjacent photo page confirmed; all contact sheets visually audited as cocktail photographs.,images/essential_cocktail_book_2017/essential-2017__white-negroni-sbagliato__photo-p343.webp,342.0,343.0,328.0,490.0,741,85736a412feab399aafd3e9abfdf8f14b29c1667f5e2874d99acc830427f2e10
Essential Cocktail Book,WHITE RUSSIAN,white-russian,white-russian,exact_normalized_id,Normalized extracted title maps directly to the canonical recipe id.,A,Exact recipe title verified on source recipe page; dedicated adjacent photo page confirmed; all contact sheets visually audited as cocktail photographs.,images/essential_cocktail_book_2017/essential-2017__white-russian__photo-p344.webp,345.0,344.0,331.0,490.0,741,0ac2b082caa22c5da1625cd2b5d31d94b1cf774676386bbe2e806b39010aafbc
Essential Cocktails 2021,Daiquiri Mulata,daiquiri-mulata,daiquiri-mulata,exact_normalized_id,Normalized extracted title maps directly to the canonical recipe id.,A,Exact recipe title verified on the same PDF page and standalone embedded image visually confirmed as a cocktail photograph.,images/essential_cocktails_2021/essential-2021__daiquiri-mulata__p013.webp,13.0,13.0,nan,417.0,478,93b6220a4d7f43090686ee865a9663dfc733bb199b61453519400efc7de4e129
Essential Cocktails 2021,Daiquiri Strawberry,daiquiri-strawberry,daiquiri-strawberry,exact_normalized_id,Normalized extracted title maps directly to the canonical recipe id.,A,Exact recipe title verified on the same PDF page and standalone embedded image visually confirmed as a cocktail photograph.,images/essential_cocktails_2021/essential-2021__daiquiri-strawberry__p015.webp,15.0,15.0,nan,1092.0,1400,fa5df36875a4375ee9e8f46fea5dfb65f8e00a087a5bda323000b9487238a002
Essential Cocktails 2021,Daiquiri Classic,daiquiri-classic,daiquiri,alias_or_source_version,Source title/version maps to canonical recipe id daiquiri.,A,Exact recipe title verified on the same PDF page and standalone embedded image visually confirmed as a cocktail photograph.,images/essential_cocktails_2021/essential-2021__daiquiri-classic__p017.webp,17.0,17.0,nan,410.0,305,c6a6ab425b254ebaf9e241f4b8d24073163823a357138c155c7e71d48ec44673
Essential Cocktails 2021,Cosmopolitan,cosmopolitan,cosmopolitan,exact_normalized_id,Normalized extracted title maps directly to the canonical recipe id.,A,Exact recipe title verified on the same PDF page and standalone embedded image visually confirmed as a cocktail photograph.,images/essential_cocktails_2021/essential-2021__cosmopolitan__p019.webp,19.0,19.0,nan,722.0,753,26081ad928d4a811a6b99fd1b79b3d2b195db76736792cc729e0f9fec7861de3
Essential Cocktails 2021,Mojito Classic,mojito-classic,mojito,alias_or_source_version,Source title/version maps to canonical recipe id mojito.,A,Exact recipe title verified on the same PDF page and standalone embedded image visually confirmed as a cocktail photograph.,images/essential_cocktails_2021/essential-2021__mojito-classic__p020.webp,20.0,20.0,nan,393.0,545,3af72651848daec1a726099cde83f9eb2bbe85469aad189a788684ee632608e2
Essential Cocktails 2021,Mojito A Mi Manera,mojito-a-mi-manera,mojito-a-mi-manera,exact_normalized_id,Normalized extracted title maps directly to the canonical recipe id.,A,Exact recipe title verified on the same PDF page and standalone embedded image visually confirmed as a cocktail photograph.,images/essential_cocktails_2021/essential-2021__mojito-a-mi-manera__p022.webp,22.0,22.0,nan,325.0,439,4fbf209fe041020882ad3354bc303668b68500c591546cf8e69d873133e393ca
Essential Cocktails 2021,Mojito Basic,mojito-basic,mojito-basic,exact_normalized_id,Normalized extracted title maps directly to the canonical recipe id.,A,Exact recipe title verified on the same PDF page and standalone embedded image visually confirmed as a cocktail photograph.,images/essential_cocktails_2021/essential-2021__mojito-basic__p024.webp,24.0,24.0,nan,418.0,514,66658dc7ea5d38bc2d0bf4ff13502b2655c9dfee20f3bbef9e055e27a1b55a10
Essential Cocktails 2021,Mojito Tequila,mojito-tequila,mojito-tequila,exact_normalized_id,Normalized extracted title maps directly to the canonical recipe id.,A,Exact recipe title verified on the same PDF page and standalone embedded image visually confirmed as a cocktail photograph.,images/essential_cocktails_2021/essential-2021__mojito-tequila__p026.webp,26.0,26.0,nan,726.0,598,13a50e35cfc5e2e76970ed7624222a793ae652b1b9aca2be670fbd0e8e9d5ca8
Essential Cocktails 2021,Christmas Mojito,christmas-mojito,christmas-mojito,exact_normalized_id,Normalized extracted title maps directly to the canonical recipe id.,A,Exact recipe title verified on the same PDF page and standalone embedded image visually confirmed as a cocktail photograph.,images/essential_cocktails_2021/essential-2021__christmas-mojito__p027.webp,27.0,27.0,nan,602.0,403,9b5ff2fbbde47f7e7503e8ef62de8f953555d562d65f4771e6e93848818d81c8
Essential Cocktails 2021,Pomegranate Mojito,pomegranate-mojito,pomegranate-mojito,exact_normalized_id,Normalized extracted title maps directly to the canonical recipe id.,A,Exact recipe title verified on the same PDF page and standalone embedded image visually confirmed as a cocktail photograph.,images/essential_cocktails_2021/essential-2021__pomegranate-mojito__p028.webp,28.0,28.0,nan,516.0,559,917b904ae9b2b34e294606733aa40fe0dc267a910dc8cc0c0d74a248af5aff6a
Essential Cocktails 2021,El Diablo,el-diablo,el-diablo,exact_normalized_id,Normalized extracted title maps directly to the canonical recipe id.,A,Exact recipe title verified on the same PDF page and standalone embedded image visually confirmed as a cocktail photograph.,images/essential_cocktails_2021/essential-2021__el-diablo__p030.webp,30.0,30.0,nan,418.0,546,90ec6dbbc02f69c450f63acea2f6ccdf7bbd9736f204af8244264cf9988b9989
Essential Cocktails 2021,Zombie,zombie,zombie,exact_normalized_id,Normalized extracted title maps directly to the canonical recipe id.,A,Exact recipe title verified on the same PDF page and standalone embedded image visually confirmed as a cocktail photograph.,images/essential_cocktails_2021/essential-2021__zombie__p031.webp,31.0,31.0,nan,394.0,535,f6d156718234bb45832514a76aa54f2f72ed9eeefcf7901a9322b3fc21dfc9ca
Essential Cocktails 2021,Tom Collins Classic,tom-collins-classic,tom-collins,alias_or_source_version,Source title/version maps to canonical recipe id tom-collins.,A,Exact recipe title verified on the same PDF page and standalone embedded image visually confirmed as a cocktail photograph.,images/essential_cocktails_2021/essential-2021__tom-collins-classic__p033.webp,33.0,33.0,nan,535.0,507,7a477c7ff61c7a9ec328d0288bd5c415809ea076637c500b898117048736a60b
Essential Cocktails 2021,Piña Colada,pina-colada,pina-colada,exact_normalized_id,Normalized extracted title maps directly to the canonical recipe id.,A,Exact recipe title verified on the same PDF page and standalone embedded image visually confirmed as a cocktail photograph.,images/essential_cocktails_2021/essential-2021__pina-colada__p035.webp,35.0,35.0,nan,416.0,548,f8e1f47d9520d127c497d3a042c64a9067fbc5da49a08c84795aeb9117472200
Essential Cocktails 2021,Mai Tai,mai-tai,mai-tai,exact_normalized_id,Normalized extracted title maps directly to the canonical recipe id.,A,Exact recipe title verified on the same PDF page and standalone embedded image visually confirmed as a cocktail photograph.,images/essential_cocktails_2021/essential-2021__mai-tai__p037.webp,37.0,37.0,nan,964.0,1233,86c49890442910614f0bade08e6636604a7358aa2b7066e38263fb5b851e36eb
Essential Cocktails 2021,Bloody Maria,bloody-maria,bloody-maria,exact_normalized_id,Normalized extracted title maps directly to the canonical recipe id.,A,Exact recipe title verified on the same PDF page and standalone embedded image visually confirmed as a cocktail photograph.,images/essential_cocktails_2021/essential-2021__bloody-maria__p039.webp,39.0,39.0,nan,408.0,289,f50a63845c4814898a87e39281fd1b0d73f6db947cff5800f19aa36574e4e9da
Essential Cocktails 2021,Manhattan Classic,manhattan-classic,manhattan,alias_or_source_version,Source title/version maps to canonical recipe id manhattan.,A,Exact recipe title verified on the same PDF page and standalone embedded image visually confirmed as a cocktail photograph.,images/essential_cocktails_2021/essential-2021__manhattan-classic__p040.webp,40.0,40.0,nan,753.0,897,418d2b768d97d6bdd591a8ecfa902e2284ab66075d92d29814f2d69ea6391842
Essential Cocktails 2021,Margarita Classic,margarita-classic,margarita,alias_or_source_version,Source title/version maps to canonical recipe id margarita.,A,Exact recipe title verified on the same PDF page and standalone embedded image visually confirmed as a cocktail photograph.,images/essential_cocktails_2021/essential-2021__margarita-classic__p046.webp,46.0,46.0,nan,514.0,509,458613d0b4b1903279b3be59b06084d6b2be4b08e581a34646c5c745d48ac80c
Essential Cocktails 2021,Old Fashioned,old-fashioned,old-fashioned,exact_normalized_id,Normalized extracted title maps directly to the canonical recipe id.,A,Exact recipe title verified on the same PDF page and standalone embedded image visually confirmed as a cocktail photograph.,images/essential_cocktails_2021/essential-2021__old-fashioned__p054.webp,54.0,54.0,nan,446.0,462,f1f4bf1aa148836dc69cde57c65fa44eb568d784a9aed08a9d24e4ac06f2bd1a
Essential Cocktails 2021,Tequila Sunrise,tequila-sunrise,tequila-sunrise,exact_normalized_id,Normalized extracted title maps directly to the canonical recipe id.,A,Exact recipe title verified on the same PDF page and standalone embedded image visually confirmed as a cocktail photograph.,images/essential_cocktails_2021/essential-2021__tequila-sunrise__p057.webp,57.0,57.0,nan,377.0,507,e16eb8df9be7952e9df683c5ca8dca37aeb4b51d986b2265ef87611a4a0e34e9
Essential Cocktails 2021,Eggnog,eggnog,eggnog,exact_normalized_id,Normalized extracted title maps directly to the canonical recipe id.,A,Exact recipe title verified on the same PDF page and standalone embedded image visually confirmed as a cocktail photograph.,images/essential_cocktails_2021/essential-2021__eggnog__p061.webp,61.0,61.0,nan,1003.0,966,5f3371040e9ee1a71b293abb155319e98fc2678ebb155c26b82f480b7bc4d61f
Essential Cocktails 2021,Apricot Mulled Wine,apricot-mulled-wine,apricot-mulled-wine,exact_normalized_id,Normalized extracted title maps directly to the canonical recipe id.,A,Exact recipe title verified on the same PDF page and standalone embedded image visually confirmed as a cocktail photograph.,images/essential_cocktails_2021/essential-2021__apricot-mulled-wine__p063.webp,63.0,63.0,nan,1015.0,1020,97ff65070daa4d925dd73a8fbecb3e82b1cecffd44a11fcf27910608e28edb1c
Essential Cocktails 2021,Autumn Punch,autumn-punch,autumn-punch,exact_normalized_id,Normalized extracted title maps directly to the canonical recipe id.,A,Exact recipe title verified on the same PDF page and standalone embedded image visually confirmed as a cocktail photograph.,images/essential_cocktails_2021/essential-2021__autumn-punch__p065.webp,65.0,65.0,nan,1205.0,994,4c282cce82bea39d2226e6efe61310c97067919ed4579cdde0fbe5c73178494b
Essential Cocktails 2021,Banana Rum Punch,banana-rum-punch,banana-rum-punch,exact_normalized_id,Normalized extracted title maps directly to the canonical recipe id.,A,Exact recipe title verified on the same PDF page and standalone embedded image visually confirmed as a cocktail photograph.,images/essential_cocktails_2021/essential-2021__banana-rum-punch__p067.webp,67.0,67.0,nan,1005.0,1275,0562de342ac639661b080384a7f6d1d9d07bdcb7b01b7122b7d4d6ad3ce79acf
Essential Cocktails 2021,Christmas Eve Chocolate,christmas-eve-chocolate,christmas-eve-chocolate,exact_normalized_id,Normalized extracted title maps directly to the canonical recipe id.,A,Exact recipe title verified on the same PDF page and standalone embedded image visually confirmed as a cocktail photograph.,images/essential_cocktails_2021/essential-2021__christmas-eve-chocolate__p069.webp,69.0,69.0,nan,531.0,696,9ca03ae7a26fcee018888a605eb6b0f0d90722253fea0c81570276a10b6b2735
Essential Cocktails 2021,Coffee Cocktail,coffee-cocktail,coffee-cocktail,exact_normalized_id,Normalized extracted title maps directly to the canonical recipe id.,A,Exact recipe title verified on the same PDF page and standalone embedded image visually confirmed as a cocktail photograph.,images/essential_cocktails_2021/essential-2021__coffee-cocktail__p070.webp,70.0,70.0,nan,545.0,977,c16508b3e9159af57eedaf15ae3c3d988e0c70b4800f8a7344b89c09b9c6c123
Essential Cocktails 2021,Hot Buttered Faux Rum,hot-buttered-faux-rum,hot-buttered-faux-rum,exact_normalized_id,Normalized extracted title maps directly to the canonical recipe id.,A,Exact recipe title verified on the same PDF page and standalone embedded image visually confirmed as a cocktail photograph.,images/essential_cocktails_2021/essential-2021__hot-buttered-faux-rum__p071.webp,71.0,71.0,nan,566.0,493,117c89f27839f0d4c11ebd5ae5590a2168cd18e5686e4462edc251bda0716334
Essential Cocktails 2021,Maraschino Muddle,maraschino-muddle,maraschino-muddle,exact_normalized_id,Normalized extracted title maps directly to the canonical recipe id.,A,Exact recipe title verified on the same PDF page and standalone embedded image visually confirmed as a cocktail photograph.,images/essential_cocktails_2021/essential-2021__maraschino-muddle__p073.webp,73.0,73.0,nan,635.0,800,8a5254cc528a7fe452ec1d20a86c030093ac42ee865a990398691c1b5923dc57
Essential Cocktails 2021,Mint Julep,mint-julep,mint-julep,exact_normalized_id,Normalized extracted title maps directly to the canonical recipe id.,A,Exact recipe title verified on the same PDF page and standalone embedded image visually confirmed as a cocktail photograph.,images/essential_cocktails_2021/essential-2021__mint-julep__p075.webp,75.0,75.0,nan,1005.0,1186,6b22491a313f054f2d472b9bf6ea5a85948171ea9bb374566c9aedfce754ad17
Hollywood Cocktails,Sunday Morning Coming Down,sunday-morning-coming-down,sunday-morning-coming-down,exact_normalized_id,Normalized extracted title maps directly to the canonical recipe id.,A,Exact recipe title and cocktail photograph verified on the same source page; crop visually audited in strict contact-sheet review.,images/hollywood_cocktails/hollywood__sunday-morning-coming-down__p013.webp,13.0,13.0,9.0,nan,231,5033947fa270082eef42f0749ea83ba4c02bb42dc7909b872fe6b5181632d8af
Hollywood Cocktails,Sex on the Beach,sex-on-the-beach,sex-on-the-beach,exact_normalized_id,Normalized extracted title maps directly to the canonical recipe id.,A,Exact recipe title and cocktail photograph verified on the same source page; crop visually audited in strict contact-sheet review.,images/hollywood_cocktails/hollywood__sex-on-the-beach__p014.webp,14.0,14.0,10.0,nan,446,d402123cf428ac8c214c40e287be3e54a106791cc1176005e0f8aa99ac29440b
Hollywood Cocktails,Everybody's Girl,everybody-s-girl,everybody-s-girl,exact_normalized_id,Normalized extracted title maps directly to the canonical recipe id.,A,Exact recipe title and cocktail photograph verified on the same source page; crop visually audited in strict contact-sheet review.,images/hollywood_cocktails/hollywood__everybody-s-girl__p017.webp,17.0,17.0,13.0,nan,285,c9d9efe40d87fc44255aabcb03d713103f317653212b3204885b12365812138d
Hollywood Cocktails,Mimosa,mimosa,mimosa,exact_normalized_id,Normalized extracted title maps directly to the canonical recipe id.,A,Exact recipe title and cocktail photograph verified on the same source page; crop visually audited in strict contact-sheet review.,images/hollywood_cocktails/hollywood__mimosa__p022.webp,22.0,22.0,18.0,nan,402,b36611a6213013222baa97bd97b1acdecfcbf1d491035712de609b014279aa2c
Hollywood Cocktails,The Moontower,the-moontower,the-moontower,exact_normalized_id,Normalized extracted title maps directly to the canonical recipe id.,A,Exact recipe title and cocktail photograph verified on the same source page; crop visually audited in strict contact-sheet review.,images/hollywood_cocktails/hollywood__the-moontower__p025.webp,25.0,25.0,21.0,nan,317,84c6b45f713c9b106f1d2404cd244ed1900b04a971c18c5d49f0911d6d83577f
Hollywood Cocktails,Room with a View,room-with-a-view,room-with-a-view,exact_normalized_id,Normalized extracted title maps directly to the canonical recipe id.,A,Exact recipe title and cocktail photograph verified on the same source page; crop visually audited in strict contact-sheet review.,images/hollywood_cocktails/hollywood__room-with-a-view__p026.webp,26.0,26.0,22.0,nan,266,4cd1a260bce76b97ab6eb6d85fe27aec5903ea01a1d86e7f9aa3baf8e074f619
Hollywood Cocktails,Thunder Punch,thunder-punch,thunder-punch,exact_normalized_id,Normalized extracted title maps directly to the canonical recipe id.,A,Exact recipe title and cocktail photograph verified on the same source page; crop visually audited in strict contact-sheet review.,images/hollywood_cocktails/hollywood__thunder-punch__p029.webp,29.0,29.0,25.0,nan,277,15d78d6244b68582de4c2fe28fe15a829235b3ad13f45d2497d29dc37135734e
Hollywood Cocktails,The Slammer,the-slammer,the-slammer,exact_normalized_id,Normalized extracted title maps directly to the canonical recipe id.,A,Exact recipe title and cocktail photograph verified on the same source page; crop visually audited in strict contact-sheet review.,images/hollywood_cocktails/hollywood__the-slammer__p030.webp,30.0,30.0,26.0,nan,201,2f142875dff666e3b9205fb5992febc0cfeb8a082fe4082354000519de962f01
Hollywood Cocktails,Dirty Martini,dirty-martini,dirty-martini,exact_normalized_id,Normalized extracted title maps directly to the canonical recipe id.,A,Exact recipe title and cocktail photograph verified on the same source page; crop visually audited in strict contact-sheet review.,images/hollywood_cocktails/hollywood__dirty-martini__p033.webp,33.0,33.0,29.0,nan,297,538a02ccec44dea0d7b355d7009b3c77d65d3c3726aacf9c7f48f62f3e796ae5
Hollywood Cocktails,Sakura Martini,sakura-martini,sakura-martini,exact_normalized_id,Normalized extracted title maps directly to the canonical recipe id.,A,Exact recipe title and cocktail photograph verified on the same source page; crop visually audited in strict contact-sheet review.,images/hollywood_cocktails/hollywood__sakura-martini__p034.webp,34.0,34.0,30.0,nan,307,76fbe0b70e897b1797b1d0c8b41388bd4a81585da1a89f6d215b1480a7ce1399
Hollywood Cocktails,French Negroni,french-negroni,french-negroni,exact_normalized_id,Normalized extracted title maps directly to the canonical recipe id.,A,Exact recipe title and cocktail photograph verified on the same source page; crop visually audited in strict contact-sheet review.,images/hollywood_cocktails/hollywood__french-negroni__p038.webp,38.0,38.0,34.0,nan,292,bfa73f1319dccd809e3d74d9ebfd55cb57837eda950508e206f7b81afac928c4
Hollywood Cocktails,Rose Water Sour,rose-water-sour,rose-water-sour,exact_normalized_id,Normalized extracted title maps directly to the canonical recipe id.,A,Exact recipe title and cocktail photograph verified on the same source page; crop visually audited in strict contact-sheet review.,images/hollywood_cocktails/hollywood__rose-water-sour__p041.webp,41.0,41.0,37.0,nan,323,c6c62209bc345438f467cabf0ae7e1589431687ad9adaf8f13df0ae73e620dd5
Hollywood Cocktails,Old Timer,old-timer,old-timer,exact_normalized_id,Normalized extracted title maps directly to the canonical recipe id.,A,Exact recipe title and cocktail photograph verified on the same source page; crop visually audited in strict contact-sheet review.,images/hollywood_cocktails/hollywood__old-timer__p042.webp,42.0,42.0,38.0,nan,248,c715936bc138a471370994de4c5638415142cb12b580001fba0fb212080151bc
Hollywood Cocktails,Sazerac,sazerac,sazerac,exact_normalized_id,Normalized extracted title maps directly to the canonical recipe id.,A,Exact recipe title and cocktail photograph verified on the same source page; crop visually audited in strict contact-sheet review.,images/hollywood_cocktails/hollywood__sazerac__p045.webp,45.0,45.0,41.0,nan,240,266fa99069643f0cbb72515aaadddf32c9ae1d9574b47ee8a511ff431b8e9490
Hollywood Cocktails,Scotch and Salt,scotch-and-salt,scotch-and-salt,exact_normalized_id,Normalized extracted title maps directly to the canonical recipe id.,A,Exact recipe title and cocktail photograph verified on the same source page; crop visually audited in strict contact-sheet review.,images/hollywood_cocktails/hollywood__scotch-and-salt__p049.webp,49.0,49.0,45.0,nan,208,155ff102fd04bccb484e608773b8848b1d99bf85b37d28416a1e8c8ccacfb714
Hollywood Cocktails,The High Roller,the-high-roller,the-high-roller,exact_normalized_id,Normalized extracted title maps directly to the canonical recipe id.,A,Exact recipe title and cocktail photograph verified on the same source page; crop visually audited in strict contact-sheet review.,images/hollywood_cocktails/hollywood__the-high-roller__p050.webp,50.0,50.0,46.0,nan,228,01423737a2eb13225d01eeefe0e300432972930624fd97ddf8556dfbf2ee8198
Hollywood Cocktails,The Dirty Spy,the-dirty-spy,the-dirty-spy,exact_normalized_id,Normalized extracted title maps directly to the canonical recipe id.,A,Exact recipe title and cocktail photograph verified on the same source page; crop visually audited in strict contact-sheet review.,images/hollywood_cocktails/hollywood__the-dirty-spy__p053.webp,53.0,53.0,49.0,nan,316,a1e4b2feb5ba17a93a51dc9fb6716148623ff136eeb06c22e53275cda0015979
Hollywood Cocktails,Cards on the Table,cards-on-the-table,cards-on-the-table,exact_normalized_id,Normalized extracted title maps directly to the canonical recipe id.,A,Exact recipe title and cocktail photograph verified on the same source page; crop visually audited in strict contact-sheet review.,images/hollywood_cocktails/hollywood__cards-on-the-table__p054.webp,54.0,54.0,50.0,nan,243,67636e39bef671d18c2113feb56ac9116295a48e2a02a9e0e2076166b5197436
Hollywood Cocktails,Rusty Nail,rusty-nail,rusty-nail,exact_normalized_id,Normalized extracted title maps directly to the canonical recipe id.,A,Exact recipe title and cocktail photograph verified on the same source page; crop visually audited in strict contact-sheet review.,images/hollywood_cocktails/hollywood__rusty-nail__p061.webp,61.0,61.0,57.0,nan,242,19f7222285788652d6d1264cfaad189ac89353ad6b53f8e2ff1f3598a1c5d45d
Hollywood Cocktails,Vodka Blush,vodka-blush,vodka-blush,exact_normalized_id,Normalized extracted title maps directly to the canonical recipe id.,A,Exact recipe title and cocktail photograph verified on the same source page; crop visually audited in strict contact-sheet review.,images/hollywood_cocktails/hollywood__vodka-blush__p062.webp,62.0,62.0,58.0,nan,369,93988964d9112c31b70db42c72358fdd98ab8bb8d49313681d5384aad68f8e95
Hollywood Cocktails,Gibson,gibson,gibson,exact_normalized_id,Normalized extracted title maps directly to the canonical recipe id.,A,Exact recipe title and cocktail photograph verified on the same source page; crop visually audited in strict contact-sheet review.,images/hollywood_cocktails/hollywood__gibson__p065.webp,65.0,65.0,61.0,nan,282,b1b681a38a65de338eef52a417ba6c340fe1e3e26a3063a4b02a706c96ed5058
Hollywood Cocktails,Tom & Jerry,tom-and-jerry,tom-jerry,alias_or_source_version,Source title/version maps to canonical recipe id tom-jerry.,A,Exact recipe title and cocktail photograph verified on the same source page; crop visually audited in strict contact-sheet review.,images/hollywood_cocktails/hollywood__tom-and-jerry__p069.webp,69.0,69.0,65.0,nan,337,d7c36e14b2cded17a8caa10bd1dfcd05b7a7fad99d81e81124f32fc50a4d708a
Hollywood Cocktails,True Romance,true-romance,true-romance,exact_normalized_id,Normalized extracted title maps directly to the canonical recipe id.,A,Exact recipe title and cocktail photograph verified on the same source page; crop visually audited in strict contact-sheet review.,images/hollywood_cocktails/hollywood__true-romance__p070.webp,70.0,70.0,66.0,nan,200,3681fdeba1f1a572fe5526e33d2b9908510374ff06c1a1344618c0eda07ee40a
Hollywood Cocktails,The Godfather,the-godfather,the-godfather,exact_normalized_id,Normalized extracted title maps directly to the canonical recipe id.,A,Exact recipe title and cocktail photograph verified on the same source page; crop visually audited in strict contact-sheet review.,images/hollywood_cocktails/hollywood__the-godfather__p073.webp,73.0,73.0,69.0,nan,191,0c2a2c99dad4bb242fb6c73df60806b2dfd93bd2c56c802575e06c5edca1b7a3
Hollywood Cocktails,Lady Day,lady-day,lady-day,exact_normalized_id,Normalized extracted title maps directly to the canonical recipe id.,A,Exact recipe title and cocktail photograph verified on the same source page; crop visually audited in strict contact-sheet review.,images/hollywood_cocktails/hollywood__lady-day__p074.webp,74.0,74.0,70.0,nan,199,757c84183658bdd0aa7ddbdb9b44769e6e87be9382235eb3db4d82d7799e31bd
Hollywood Cocktails,Manhattan Sour,manhattan-sour,manhattan-sour,exact_normalized_id,Normalized extracted title maps directly to the canonical recipe id.,A,Exact recipe title and cocktail photograph verified on the same source page; crop visually audited in strict contact-sheet review.,images/hollywood_cocktails/hollywood__manhattan-sour__p077.webp,77.0,77.0,73.0,nan,258,4bd65115af693da75a1dafb55bc8e7eb0b4f7ed05d2226efb7bce6ef247e5256
Hollywood Cocktails,A Dark Art,a-dark-art,a-dark-art,exact_normalized_id,Normalized extracted title maps directly to the canonical recipe id.,A,Exact recipe title and cocktail photograph verified on the same source page; crop visually audited in strict contact-sheet review.,images/hollywood_cocktails/hollywood__a-dark-art__p085.webp,85.0,85.0,81.0,nan,273,b3cd7c96afccecf36bc886a8e359cb0bf440aed0409703c87b783af558c9605c
Hollywood Cocktails,Tom Collins,tom-collins,tom-collins,exact_normalized_id,Normalized extracted title maps directly to the canonical recipe id.,A,Exact recipe title and cocktail photograph verified on the same source page; crop visually audited in strict contact-sheet review.,images/hollywood_cocktails/hollywood__tom-collins__p086.webp,86.0,86.0,82.0,nan,273,b2a4681997c9d98596d8c9cf6d6d2f733b305f39edcc33e9839d7addd9209f97
Hollywood Cocktails,Sunset Strip,sunset-strip,sunset-strip,exact_normalized_id,Normalized extracted title maps directly to the canonical recipe id.,A,Exact recipe title and cocktail photograph verified on the same source page; crop visually audited in strict contact-sheet review.,images/hollywood_cocktails/hollywood__sunset-strip__p089.webp,89.0,89.0,85.0,nan,268,a8b443bb24d60c106d0880844aaa208660b3670e424b7d03c1f214f6b1cebb6b
Hollywood Cocktails,Buttermaker,buttermaker,buttermaker,exact_normalized_id,Normalized extracted title maps directly to the canonical recipe id.,A,Exact recipe title and cocktail photograph verified on the same source page; crop visually audited in strict contact-sheet review.,images/hollywood_cocktails/hollywood__buttermaker__p093.webp,93.0,93.0,89.0,nan,302,9a3476a1755d18aec4f3226b4b2101e43452a9a859650cc3578a8a76400b6aee
Hollywood Cocktails,7 & 7,7-and-7,7-7,alias_or_source_version,Source title/version maps to canonical recipe id 7-7.,A,Exact recipe title and cocktail photograph verified on the same source page; crop visually audited in strict contact-sheet review.,images/hollywood_cocktails/hollywood__7-and-7__p097.webp,97.0,97.0,93.0,nan,295,08b9341d0bda526ad793553db4f20555540afcc33178d634746bebee94094523
Hollywood Cocktails,Screwdriver,screwdriver,screwdriver,exact_normalized_id,Normalized extracted title maps directly to the canonical recipe id.,A,Exact recipe title and cocktail photograph verified on the same source page; crop visually audited in strict contact-sheet review.,images/hollywood_cocktails/hollywood__screwdriver__p098.webp,98.0,98.0,94.0,nan,295,75ae0558c8ec5200a182b40e807263f94082e1df1c0e16f93c3eda139523dc71
Hollywood Cocktails,Pink Lady,pink-lady,pink-lady,exact_normalized_id,Normalized extracted title maps directly to the canonical recipe id.,A,Exact recipe title and cocktail photograph verified on the same source page; crop visually audited in strict contact-sheet review.,images/hollywood_cocktails/hollywood__pink-lady__p101.webp,101.0,101.0,97.0,nan,228,aec80601dc2d62c7ff2d452bcb1071a733b7cf64f4a9545ab93a2ae324819392
Hollywood Cocktails,The Bronx,the-bronx,the-bronx,exact_normalized_id,Normalized extracted title maps directly to the canonical recipe id.,A,Exact recipe title and cocktail photograph verified on the same source page; crop visually audited in strict contact-sheet review.,images/hollywood_cocktails/hollywood__the-bronx__p105.webp,105.0,105.0,101.0,nan,215,cb3129dfdc06a727a982d74381e99b2fa8c8afc6b004311e56bf67b9abef6a6f
Hollywood Cocktails,Gentleman Caller,gentleman-caller,gentleman-caller,exact_normalized_id,Normalized extracted title maps directly to the canonical recipe id.,A,Exact recipe title and cocktail photograph verified on the same source page; crop visually audited in strict contact-sheet review.,images/hollywood_cocktails/hollywood__gentleman-caller__p109.webp,109.0,109.0,105.0,nan,286,a59ce49c4bf34dc8143c9f4d389ab81ef7db1e8fa73d3dd5d8b79da8f82ff76a
Hollywood Cocktails,White Russian,white-russian,white-russian,exact_normalized_id,Normalized extracted title maps directly to the canonical recipe id.,A,Exact recipe title and cocktail photograph verified on the same source page; crop visually audited in strict contact-sheet review.,images/hollywood_cocktails/hollywood__white-russian__p110.webp,110.0,110.0,106.0,nan,191,9ae8b9c7d04ec876eed516ca1f8ef1c81128f16880f3612c2638698429e538ca
Hollywood Cocktails,Gentleman's Manhattan,gentleman-s-manhattan,gentleman-s-manhattan,exact_normalized_id,Normalized extracted title maps directly to the canonical recipe id.,A,Exact recipe title and cocktail photograph verified on the same source page; crop visually audited in strict contact-sheet review.,images/hollywood_cocktails/hollywood__gentleman-s-manhattan__p113.webp,113.0,113.0,109.0,nan,296,0d9fff5094299469571ba65ea307506a083b10261fad9b8bbef537cbab9edd22
Hollywood Cocktails,Long Island Iced Tea,long-island-iced-tea,long-island-iced-tea,exact_normalized_id,Normalized extracted title maps directly to the canonical recipe id.,A,Exact recipe title and cocktail photograph verified on the same source page; crop visually audited in strict contact-sheet review.,images/hollywood_cocktails/hollywood__long-island-iced-tea__p117.webp,117.0,117.0,113.0,nan,255,ca26e31cddb262b65cec144b05bab08bd7ede548db94a9d5126f462c684059ca
Hollywood Cocktails,Be My Wine,be-my-wine,be-my-wine,exact_normalized_id,Normalized extracted title maps directly to the canonical recipe id.,A,Exact recipe title and cocktail photograph verified on the same source page; crop visually audited in strict contact-sheet review.,images/hollywood_cocktails/hollywood__be-my-wine__p118.webp,118.0,118.0,114.0,nan,238,8de15d95c0977c039e442e32c6910c521686e1570386620b4e66b535d0132d27
Hollywood Cocktails,Purple Rain,purple-rain,purple-rain,exact_normalized_id,Normalized extracted title maps directly to the canonical recipe id.,A,Exact recipe title and cocktail photograph verified on the same source page; crop visually audited in strict contact-sheet review.,images/hollywood_cocktails/hollywood__purple-rain__p121.webp,121.0,121.0,117.0,nan,205,cfdbacf73354cc71bd646de0d4c46ab7c74654db06bab78150a160332da61348
Hollywood Cocktails,Espresso Martini,espresso-martini,espresso-martini,exact_normalized_id,Normalized extracted title maps directly to the canonical recipe id.,A,Exact recipe title and cocktail photograph verified on the same source page; crop visually audited in strict contact-sheet review.,images/hollywood_cocktails/hollywood__espresso-martini__p122.webp,122.0,122.0,118.0,nan,286,8b566b74342774c1d942cab95e25d38eced37ca0c65d48f65889c50c8bbe98a2
Hollywood Cocktails,The Hardest Walk,the-hardest-walk,the-hardest-walk,exact_normalized_id,Normalized extracted title maps directly to the canonical recipe id.,A,Exact recipe title and cocktail photograph verified on the same source page; crop visually audited in strict contact-sheet review.,images/hollywood_cocktails/hollywood__the-hardest-walk__p125.webp,125.0,125.0,121.0,nan,193,2c714c1cc36326cad4ee3557469e9a725371da60e14ef5f6319261a48cc79ed6
Hollywood Cocktails,Ferrari Named Desire,ferrari-named-desire,ferrari-named-desire,exact_normalized_id,Normalized extracted title maps directly to the canonical recipe id.,A,Exact recipe title and cocktail photograph verified on the same source page; crop visually audited in strict contact-sheet review.,images/hollywood_cocktails/hollywood__ferrari-named-desire__p126.webp,126.0,126.0,122.0,nan,244,dffa31948bd5b8ee2002585ffd4bcbbbf48f18e299499f59d3286720be28aeaa
Hollywood Cocktails,When You're a Jet,when-you-re-a-jet,when-you-re-a-jet,exact_normalized_id,Normalized extracted title maps directly to the canonical recipe id.,A,Exact recipe title and cocktail photograph verified on the same source page; crop visually audited in strict contact-sheet review.,images/hollywood_cocktails/hollywood__when-you-re-a-jet__p129.webp,129.0,129.0,125.0,nan,202,2f94da89e490d2a1df95450c4ddd20c7a330f75cb21a0a2a3e6375bfd6d557e3
Hollywood Cocktails,Absolut Bitch,absolut-bitch,absolut-bitch,exact_normalized_id,Normalized extracted title maps directly to the canonical recipe id.,A,Exact recipe title and cocktail photograph verified on the same source page; crop visually audited in strict contact-sheet review.,images/hollywood_cocktails/hollywood__absolut-bitch__p130.webp,130.0,130.0,126.0,nan,206,36d4c3e5c37d6b644accd292e0e11dd72489807f51a550f7bf881eb88f59cefe
Hollywood Cocktails,Sidecar,sidecar,sidecar,exact_normalized_id,Normalized extracted title maps directly to the canonical recipe id.,A,Exact recipe title and cocktail photograph verified on the same source page; crop visually audited in strict contact-sheet review.,images/hollywood_cocktails/hollywood__sidecar__p133.webp,133.0,133.0,129.0,nan,259,d6e10cd2074121ef937bf317c241d2362e21540156cf04cc2fd65250654e3587
Hollywood Cocktails,Chicago Cocktail,chicago-cocktail,chicago-cocktail,exact_normalized_id,Normalized extracted title maps directly to the canonical recipe id.,A,Exact recipe title and cocktail photograph verified on the same source page; crop visually audited in strict contact-sheet review.,images/hollywood_cocktails/hollywood__chicago-cocktail__p134.webp,134.0,134.0,130.0,nan,333,88849d277f2f28b42fc9a0e4e43917b137962b0e40ed0eec7ba63b7e3e3803c2
Hollywood Cocktails,Admiral Cocktail,admiral-cocktail,admiral-cocktail,exact_normalized_id,Normalized extracted title maps directly to the canonical recipe id.,A,Exact recipe title and cocktail photograph verified on the same source page; crop visually audited in strict contact-sheet review.,images/hollywood_cocktails/hollywood__admiral-cocktail__p138.webp,138.0,138.0,134.0,nan,247,86d8f3040a2cc69ea3d9cdb173b179333d1d6dc4a71a8822aa1d807c49c883bf
Hollywood Cocktails,Haze for Days,haze-for-days,haze-for-days,exact_normalized_id,Normalized extracted title maps directly to the canonical recipe id.,A,Exact recipe title and cocktail photograph verified on the same source page; crop visually audited in strict contact-sheet review.,images/hollywood_cocktails/hollywood__haze-for-days__p141.webp,141.0,141.0,137.0,nan,292,69ce5f8c2c4ff56d0e7a3becf47f78779b76c2b4e7c815118450b9f174b0cd4a
Hollywood Cocktails,A Promise's Ghost,a-promise-s-ghost,a-promise-s-ghost,exact_normalized_id,Normalized extracted title maps directly to the canonical recipe id.,A,Exact recipe title and cocktail photograph verified on the same source page; crop visually audited in strict contact-sheet review.,images/hollywood_cocktails/hollywood__a-promise-s-ghost__p142.webp,142.0,142.0,138.0,nan,275,afa4d91154307b2a7d46da0c66dcbbbc3b7aea42370bf1b8a3d09dd2637a12b9
Hollywood Cocktails,Innuendo,innuendo,innuendo,exact_normalized_id,Normalized extracted title maps directly to the canonical recipe id.,A,Exact recipe title and cocktail photograph verified on the same source page; crop visually audited in strict contact-sheet review.,images/hollywood_cocktails/hollywood__innuendo__p145.webp,145.0,145.0,141.0,nan,218,61bafb74e45965f618cb53256c271df965e7759ac5a26dbe06b44fbec3636fab
Hollywood Cocktails,Whiskey Sour,whiskey-sour,whiskey-sour,exact_normalized_id,Normalized extracted title maps directly to the canonical recipe id.,A,Exact recipe title and cocktail photograph verified on the same source page; crop visually audited in strict contact-sheet review.,images/hollywood_cocktails/hollywood__whiskey-sour__p146.webp,146.0,146.0,142.0,nan,265,b31aea2b0a0a50394d9ffac18bad772b67430ca9e7237dec4bd22c9cb2311166
Hollywood Cocktails,Kitchen Sink,kitchen-sink,kitchen-sink,exact_normalized_id,Normalized extracted title maps directly to the canonical recipe id.,A,Exact recipe title and cocktail photograph verified on the same source page; crop visually audited in strict contact-sheet review.,images/hollywood_cocktails/hollywood__kitchen-sink__p149.webp,149.0,149.0,145.0,nan,257,31c95d8dd5a6983cff198979e6666733cee4c05a561270ebcb750a9bede8919c
Hollywood Cocktails,Temptation,temptation,,no_current_canonical_target,"Verified source image, but this extracted title is not a canonical recipe in the current 398-recipe catalog.",A,Exact recipe title and cocktail photograph verified on the same source page; crop visually audited in strict contact-sheet review.,images/hollywood_cocktails/hollywood__temptation__p150.webp,150.0,150.0,146.0,nan,218,e80dc9952b307b7d267aae0919178f78e27c06abbdda7ebbab2bfdaa093cc7b3
Hollywood Cocktails,Angel's Kiss,angel-s-kiss,angel-s-kiss,exact_normalized_id,Normalized extracted title maps directly to the canonical recipe id.,A,Exact recipe title and cocktail photograph verified on the same source page; crop visually audited in strict contact-sheet review.,images/hollywood_cocktails/hollywood__angel-s-kiss__p154.webp,154.0,154.0,150.0,nan,254,740bed17fc55553245979f51bfae039183fee5adc74a64d1db56eeaa83a93100
Hollywood Cocktails,Whiskey Danger,whiskey-danger,whiskey-danger,exact_normalized_id,Normalized extracted title maps directly to the canonical recipe id.,A,Exact recipe title and cocktail photograph verified on the same source page; crop visually audited in strict contact-sheet review.,images/hollywood_cocktails/hollywood__whiskey-danger__p157.webp,157.0,157.0,153.0,nan,290,0668c5889bd8ae2d8ed301d3d2095ecaa19e3901bffc53f6b865ce8182eccf27
Hollywood Cocktails,Classic Cosmopolitan,classic-cosmopolitan,cosmopolitan,alias_or_source_version,Source title/version maps to canonical recipe id cosmopolitan.,A,Exact recipe title and cocktail photograph verified on the same source page; crop visually audited in strict contact-sheet review.,images/hollywood_cocktails/hollywood__classic-cosmopolitan__p158.webp,158.0,158.0,154.0,nan,291,91a411de36a01e49f9c86626d61331e06b8f8e0390c4b2d2168fbcdbbf0d5c63
Hollywood Cocktails,Simple Manhattan,simple-manhattan,manhattan,alias_or_source_version,Source title/version maps to canonical recipe id manhattan.,A,Exact recipe title and cocktail photograph verified on the same source page; crop visually audited in strict contact-sheet review.,images/hollywood_cocktails/hollywood__simple-manhattan__p163.webp,163.0,163.0,159.0,nan,242,73ca6aceb44b6dc48f57817bd2e68aff803f66a9904f4546484154fcc23fabf5
Hollywood Cocktails,Rum Chocolate,rum-chocolate,,no_current_canonical_target,"Verified source image, but this extracted title is not a canonical recipe in the current 398-recipe catalog.",A,Exact recipe title and cocktail photograph verified on the same source page; crop visually audited in strict contact-sheet review.,images/hollywood_cocktails/hollywood__rum-chocolate__p164.webp,164.0,164.0,160.0,nan,168,aea89480f283d6744c18172cd2e81950d2c7d0973fad04acd60d19a238a25af2
Hollywood Cocktails,Runaway Rum Runner Punch,runaway-rum-runner-punch,,no_current_canonical_target,"Verified source image, but this extracted title is not a canonical recipe in the current 398-recipe catalog.",A,Exact recipe title and cocktail photograph verified on the same source page; crop visually audited in strict contact-sheet review.,images/hollywood_cocktails/hollywood__runaway-rum-runner-punch__p168.webp,168.0,168.0,164.0,nan,243,7c5ce4a79eb1d0e3f1455700b996b90e8b2e72bed91b0ecd3f5c6551c81418aa
Hollywood Cocktails,Throwing Shade,throwing-shade,,no_current_canonical_target,"Verified source image, but this extracted title is not a canonical recipe in the current 398-recipe catalog.",A,Exact recipe title and cocktail photograph verified on the same source page; crop visually audited in strict contact-sheet review.,images/hollywood_cocktails/hollywood__throwing-shade__p173.webp,173.0,173.0,169.0,nan,258,5f8aca1034881c32e614cfadf36972dd8ccc29b9b5bfa22b9f1e95b8cf66712b
Hollywood Cocktails,Americano,americano,americano,exact_normalized_id,Normalized extracted title maps directly to the canonical recipe id.,A,Exact recipe title and cocktail photograph verified on the same source page; crop visually audited in strict contact-sheet review.,images/hollywood_cocktails/hollywood__americano__p174.webp,174.0,174.0,170.0,nan,231,63c3c95a9a817d8bc28ee8f10d5e8c91fe3b02df951b5642b7753eb1c6d244e2
Hollywood Cocktails,Whiskey Business,whiskey-business,,no_current_canonical_target,"Verified source image, but this extracted title is not a canonical recipe in the current 398-recipe catalog.",A,Exact recipe title and cocktail photograph verified on the same source page; crop visually audited in strict contact-sheet review.,images/hollywood_cocktails/hollywood__whiskey-business__p177.webp,177.0,177.0,173.0,nan,228,18dbe3dbcd9596fd3e490c8778e0cf2d5ca76ebef73255b1fa558d32070fc224
Hollywood Cocktails,Double Dickel on the Rocks,double-dickel-on-the-rocks,,no_current_canonical_target,"Verified source image, but this extracted title is not a canonical recipe in the current 398-recipe catalog.",A,Exact recipe title and cocktail photograph verified on the same source page; crop visually audited in strict contact-sheet review.,images/hollywood_cocktails/hollywood__double-dickel-on-the-rocks__p178.webp,178.0,178.0,174.0,nan,239,a2c3acdd50f41ef2b37e89e95027ca33aae6bea99cbee0478806290f405883d0
Hollywood Cocktails,The Martinez,the-martinez,martinez,alias_or_source_version,Source title/version maps to canonical recipe id martinez.,A,Exact recipe title and cocktail photograph verified on the same source page; crop visually audited in strict contact-sheet review.,images/hollywood_cocktails/hollywood__the-martinez__p185.webp,185.0,185.0,181.0,nan,252,be25a408efe39f6425ad864ee7603b94bb2600d1fd638aff59629a725ab4fb5f
Hollywood Cocktails,What Really Happened,what-really-happened,,no_current_canonical_target,"Verified source image, but this extracted title is not a canonical recipe in the current 398-recipe catalog.",A,Exact recipe title and cocktail photograph verified on the same source page; crop visually audited in strict contact-sheet review.,images/hollywood_cocktails/hollywood__what-really-happened__p186.webp,186.0,186.0,182.0,nan,307,566c3a11cddc96b319b145d8d03df89448589a25ff227fe6ef5c9984ae3fbba8
Hollywood Cocktails,Mind Eraser,mind-eraser,,no_current_canonical_target,"Verified source image, but this extracted title is not a canonical recipe in the current 398-recipe catalog.",A,Exact recipe title and cocktail photograph verified on the same source page; crop visually audited in strict contact-sheet review.,images/hollywood_cocktails/hollywood__mind-eraser__p189.webp,189.0,189.0,185.0,nan,213,bb8e01eadd0352badabaed748a31a3cca0346fffd3502150e0c3baad5e8e45a8
Hollywood Cocktails,Red Head,red-head,,no_current_canonical_target,"Verified source image, but this extracted title is not a canonical recipe in the current 398-recipe catalog.",A,Exact recipe title and cocktail photograph verified on the same source page; crop visually audited in strict contact-sheet review.,images/hollywood_cocktails/hollywood__red-head__p190.webp,190.0,190.0,186.0,nan,234,99bb8e39821491213566cfa10e01aec745aee576f71ae8b2e4e86b29b4b5fd06
Hollywood Cocktails,Snake Bite,snake-bite,,no_current_canonical_target,"Verified source image, but this extracted title is not a canonical recipe in the current 398-recipe catalog.",A,Exact recipe title and cocktail photograph verified on the same source page; crop visually audited in strict contact-sheet review.,images/hollywood_cocktails/hollywood__snake-bite__p193.webp,193.0,193.0,189.0,nan,213,fcecb3bff584588832685d2c6d10b5399bcc3d6572a8c08f10d37a24e29d2dfc
Hollywood Cocktails,The Only Word,the-only-word,,no_current_canonical_target,"Verified source image, but this extracted title is not a canonical recipe in the current 398-recipe catalog.",A,Exact recipe title and cocktail photograph verified on the same source page; crop visually audited in strict contact-sheet review.,images/hollywood_cocktails/hollywood__the-only-word__p201.webp,201.0,201.0,197.0,nan,243,9303260095acafdc22f1df3e45817d8e55e22486de5e952aced97df8e8755a52
Tropical Standard,Tropical Itch,tropical-itch,,no_current_canonical_target,"Verified source image, but this extracted title is not a canonical recipe in the current 398-recipe catalog.",A,Exact recipe title verified on the immediately following recipe page; preceding full-photo page visually audited as a cocktail photograph.,images/tropical_standard/tropical-standard__tropical-itch__photo-p053.webp,54.0,53.0,nan,918.0,1188,656347c180c36ba0df07a3d2d8b2d85abc3917ec73e197ec19dec75682b0e5e0
Tropical Standard,Special Daiquiri No. 1,special-daiquiri-no-1,special-daiquiri-no-1,exact_normalized_id,Normalized extracted title maps directly to the canonical recipe id.,A,Exact recipe title verified on the immediately following recipe page; preceding full-photo page visually audited as a cocktail photograph.,images/tropical_standard/tropical-standard__special-daiquiri-no-1__photo-p059.webp,60.0,59.0,nan,918.0,1188,a3b33681bdd15d9154a4e7b737194965521e3855d422db1dd5383bc38d98b18b
Tropical Standard,Winter in L.A.,winter-in-l-a,winter-in-l-a,exact_normalized_id,Normalized extracted title maps directly to the canonical recipe id.,A,Exact recipe title verified on the immediately following recipe page; preceding full-photo page visually audited as a cocktail photograph.,images/tropical_standard/tropical-standard__winter-in-l-a__photo-p067.webp,68.0,67.0,nan,918.0,1188,442b160915305b0c40bb8088de62c2d1ac8bbfc55b0907670f5407d7d57632c7
Tropical Standard,Daiquiri,daiquiri,daiquiri,exact_normalized_id,Normalized extracted title maps directly to the canonical recipe id.,A,Exact recipe title verified on the immediately following recipe page; preceding full-photo page visually audited as a cocktail photograph.,images/tropical_standard/tropical-standard__daiquiri__photo-p076.webp,77.0,76.0,nan,918.0,1188,7d1a60ccf67bd92918b70aa94e1dfe393887db73c20319a72acb917a2232c987
Tropical Standard,Yellow Bird,yellow-bird,,no_current_canonical_target,"Verified source image, but this extracted title is not a canonical recipe in the current 398-recipe catalog.",A,Exact recipe title verified on the immediately following recipe page; preceding full-photo page visually audited as a cocktail photograph.,images/tropical_standard/tropical-standard__yellow-bird__photo-p083.webp,84.0,83.0,nan,918.0,1188,7bb4ac607bdaeda70d05572586d84132271f0b5d21922d924285dc85ffd33de1
Tropical Standard,Heroes and Villains,heroes-and-villains,heroes-and-villains,exact_normalized_id,Normalized extracted title maps directly to the canonical recipe id.,A,Exact recipe title verified on the immediately following recipe page; preceding full-photo page visually audited as a cocktail photograph.,images/tropical_standard/tropical-standard__heroes-and-villains__photo-p091.webp,92.0,91.0,nan,918.0,1188,a556e314e3053099bec93de70bccc6741bb367a7724818bfdb49f624f9a950c7
Tropical Standard,Mai Tai,mai-tai,mai-tai,exact_normalized_id,Normalized extracted title maps directly to the canonical recipe id.,A,Exact recipe title verified on the immediately following recipe page; preceding full-photo page visually audited as a cocktail photograph.,images/tropical_standard/tropical-standard__mai-tai__photo-p097.webp,98.0,97.0,nan,918.0,1188,7f7ad01792a2a94cd54462d72ab91e689b2cf1858248cd727562b13983cb8e43
Tropical Standard,El Diablo,el-diablo,el-diablo,exact_normalized_id,Normalized extracted title maps directly to the canonical recipe id.,A,Exact recipe title verified on the immediately following recipe page; preceding full-photo page visually audited as a cocktail photograph.,images/tropical_standard/tropical-standard__el-diablo__photo-p109.webp,110.0,109.0,nan,918.0,1188,8176adc2c1c04983be9e9434e0d1c7cdc4cb38018351a626301c14b1359457e6
Tropical Standard,Santa Cruz Royal Cobbler,santa-cruz-royal-cobbler,,no_current_canonical_target,"Verified source image, but this extracted title is not a canonical recipe in the current 398-recipe catalog.",A,Exact recipe title verified on the immediately following recipe page; preceding full-photo page visually audited as a cocktail photograph.,images/tropical_standard/tropical-standard__santa-cruz-royal-cobbler__photo-p113.webp,114.0,113.0,nan,918.0,1188,c51460e092076796abcf63a96f05323164c8eb996737856657ac79a6aec510bd
Tropical Standard,Hibiscus Pacific,hibiscus-pacific,hibiscus-pacific,exact_normalized_id,Normalized extracted title maps directly to the canonical recipe id.,A,Exact recipe title verified on the immediately following recipe page; preceding full-photo page visually audited as a cocktail photograph.,images/tropical_standard/tropical-standard__hibiscus-pacific__photo-p137.webp,138.0,137.0,nan,918.0,1188,831d5024b2835717ca1e11dddd13b098052478d907971a714331c1f13d9fcb18
Tropical Standard,Piña Colada,pina-colada,pina-colada,exact_normalized_id,Normalized extracted title maps directly to the canonical recipe id.,A,Exact recipe title verified on the immediately following recipe page; preceding full-photo page visually audited as a cocktail photograph.,images/tropical_standard/tropical-standard__pina-colada__photo-p144.webp,145.0,144.0,nan,918.0,1188,265f8d3326079c6f5d0a2d8fd2d8fedf6e47b3a87b0b4a36806b0171b5e6ba13
Tropical Standard,Manta Ray,manta-ray,manta-ray,exact_normalized_id,Normalized extracted title maps directly to the canonical recipe id.,A,Exact recipe title verified on the immediately following recipe page; preceding full-photo page visually audited as a cocktail photograph.,images/tropical_standard/tropical-standard__manta-ray__photo-p156.webp,157.0,156.0,nan,918.0,1188,96b45433274cab470d8d573b57b33d06adcfe2faa6d7b24f114620daf0069d31
Tropical Standard,Colonial Grog,colonial-grog,,no_current_canonical_target,"Verified source image, but this extracted title is not a canonical recipe in the current 398-recipe catalog.",A,Exact recipe title verified on the immediately following recipe page; preceding full-photo page visually audited as a cocktail photograph.,images/tropical_standard/tropical-standard__colonial-grog__photo-p164.webp,165.0,164.0,nan,918.0,1188,416e9649915a1e27407b13cec6b80413d9914a57473a45d3eef3a5adc6cfd15f
Tropical Standard,Violet Chachki,violet-chachki,violet-chachki,exact_normalized_id,Normalized extracted title maps directly to the canonical recipe id.,A,Exact recipe title verified on the immediately following recipe page; preceding full-photo page visually audited as a cocktail photograph.,images/tropical_standard/tropical-standard__violet-chachki__photo-p174.webp,175.0,174.0,nan,918.0,1188,2e60643078755425fb6794a37ce1b65e1be47b72b8173f457e0ced41b12423c0
Tropical Standard,Bay of Pigs,bay-of-pigs,bay-of-pigs,exact_normalized_id,Normalized extracted title maps directly to the canonical recipe id.,A,Exact recipe title verified on the immediately following recipe page; preceding full-photo page visually audited as a cocktail photograph.,images/tropical_standard/tropical-standard__bay-of-pigs__photo-p177.webp,178.0,177.0,nan,918.0,1188,695b430521cc1f6b3a37618135fbc9a173bf36a78cde2f89d5eb31b7a8456dc6
Tropical Standard,Mr. Hoy’s Manhattan,mr-hoy-s-manhattan,,no_current_canonical_target,"Verified source image, but this extracted title is not a canonical recipe in the current 398-recipe catalog.",A,Exact recipe title verified on the immediately following recipe page; preceding full-photo page visually audited as a cocktail photograph.,images/tropical_standard/tropical-standard__mr-hoy-s-manhattan__photo-p188.webp,189.0,188.0,nan,918.0,1188,ecd531c89373ff2c39f1b4150eeda5a5952c138aca3f0f1d1ae97c3b27bddd45
Tropical Standard,Beachcomber Negroni,beachcomber-negroni,beachcomber-negroni,exact_normalized_id,Normalized extracted title maps directly to the canonical recipe id.,A,Exact recipe title verified on the immediately following recipe page; preceding full-photo page visually audited as a cocktail photograph.,images/tropical_standard/tropical-standard__beachcomber-negroni__photo-p199.webp,200.0,199.0,nan,918.0,1188,935a88b9726ecb2715c8cf244ec72ebc2e3ff7483ce0b9971237c654d30fd40a
Tropical Standard,Swamp Fire,swamp-fire,,no_current_canonical_target,"Verified source image, but this extracted title is not a canonical recipe in the current 398-recipe catalog.",A,Exact recipe title verified on the immediately following recipe page; preceding full-photo page visually audited as a cocktail photograph.,images/tropical_standard/tropical-standard__swamp-fire__photo-p206.webp,207.0,206.0,nan,918.0,1188,79628c001ee673ea696c412dba2cfac602fa06f7b41015e218b042ef69af4698
Tropical Standard,Minoan,minoan,,no_current_canonical_target,"Verified source image, but this extracted title is not a canonical recipe in the current 398-recipe catalog.",A,Exact recipe title verified on the immediately following recipe page; preceding full-photo page visually audited as a cocktail photograph.,images/tropical_standard/tropical-standard__minoan__photo-p210.webp,211.0,210.0,nan,918.0,1188,35e560dc261f6c591912065f5c4bca231b42355106e6ac030773c039aab8310b
Tropical Standard,Kiruna Cooler,kiruna-cooler,kiruna-cooler,exact_normalized_id,Normalized extracted title maps directly to the canonical recipe id.,A,Exact recipe title verified on the immediately following recipe page; preceding full-photo page visually audited as a cocktail photograph.,images/tropical_standard/tropical-standard__kiruna-cooler__photo-p219.webp,220.0,219.0,nan,918.0,1188,460853ed755d6cf0436a3ea2cc63bd95e781d2b834c8df2b9669b88d5c177ac4
Tropical Standard,From Dusk till Dawn,from-dusk-till-dawn,,no_current_canonical_target,"Verified source image, but this extracted title is not a canonical recipe in the current 398-recipe catalog.",A,Exact recipe title verified on the immediately following recipe page; preceding full-photo page visually audited as a cocktail photograph.,images/tropical_standard/tropical-standard__from-dusk-till-dawn__photo-p253.webp,254.0,253.0,nan,918.0,1188,9c7b3890f17aa2542d3cf421124e674af899de8cd6752a38ad2d6cec22965dbd
Tropical Standard,Pineapple Princess,pineapple-princess,pineapple-princess,exact_normalized_id,Normalized extracted title maps directly to the canonical recipe id.,A,Exact recipe title verified on the immediately following recipe page; preceding full-photo page visually audited as a cocktail photograph.,images/tropical_standard/tropical-standard__pineapple-princess__photo-p256.webp,257.0,256.0,nan,918.0,1188,75b243dff7d15af4308be6210f051fe9875fa41a55490d145e52ec41eacb24b8
Tropical Standard,Navy Grog,navy-grog,navy-grog,exact_normalized_id,Normalized extracted title maps directly to the canonical recipe id.,A,Exact recipe title verified on the immediately following recipe page; preceding full-photo page visually audited as a cocktail photograph.,images/tropical_standard/tropical-standard__navy-grog__photo-p271.webp,272.0,271.0,nan,918.0,1188,db6e279718e0f7f6d1c5dd9aa547917c1e9de7c49b2193c88db9302f869bc46f
Tropical Standard,"Toro, Toro, Olé! (à la Blood and Sand)",toro-toro-ole-a-la-blood-and-sand,,no_current_canonical_target,"Verified source image, but this extracted title is not a canonical recipe in the current 398-recipe catalog.",A,Exact recipe title verified on the immediately following recipe page; preceding full-photo page visually audited as a cocktail photograph.,images/tropical_standard/tropical-standard__toro-toro-ole-a-la-blood-and-sand__photo-p320.webp,321.0,320.0,nan,918.0,1188,62b6e166497b88baaa467db0484c89df5677960512fe6b6c886589878f2107b8
