bytes,confidence,file,height,normalizedTitle,photoPdfPage,printedPage,recipePdfPage,sha256,source,sourceFile,sourceTitle,sourceYear,verificationMethod,width
122574,A,images/agave_companion_2023/agave-companion__agave-ginger-hot-toddy__p251.webp,1190,agave-ginger-hot-toddy,,251.0,,99d3840e8f7eb3836d2d19d1f6d133d7d7c9f5f1b0d1b480bdb6828dee3d69cc,Agave Companion,agave-agave-ginger-hot-toddy-p251.webp,Agave Ginger Hot Toddy,2023.0,Exact EPUB image caption names the cocktail; recipe title independently exists in the cocktail recipe chapter.,910.0
26742,A,images/agave_companion_2023/agave-companion__easy-paloma__p240.webp,916,easy-paloma,,240.0,,da2be199623e51578c861dbf3e34a6fb776db299a673f79831fb4b0b88a6c58d,Agave Companion,agave-easy-paloma-p240.webp,Easy Paloma,2023.0,Exact EPUB image caption names the cocktail; recipe title independently exists in the cocktail recipe chapter.,679.0
42828,A,images/agave_companion_2023/agave-companion__frozen-mezcal-hot-chocolate__p248.webp,1190,frozen-mezcal-hot-chocolate,,248.0,,9d7cf916ea64c23548e83d794b7804ca838dcf671b1d73501a42b96a250dd3cc,Agave Companion,agave-frozen-mezcal-hot-chocolate-p248.webp,Frozen Mezcal Hot Chocolate,2023.0,Exact EPUB image caption names the cocktail; recipe title independently exists in the cocktail recipe chapter.,910.0
54608,A,images/agave_companion_2023/agave-companion__mangito-sonidero-margarita__p232.webp,1190,mangito-sonidero-margarita,,232.0,,a2697dfbb08a6b70492f661674f3c786fbb99935cb4eb41aa5670daf0ffd4537,Agave Companion,agave-mangito-sonidero-margarita-p232.webp,Mangito Sonidero Margarita,2023.0,Exact EPUB image caption names the cocktail; recipe title independently exists in the cocktail recipe chapter.,910.0
71220,A,images/agave_companion_2023/agave-companion__mezcal-negroni__p244.webp,801,mezcal-negroni,,244.0,,8f8ab3b91f4e8bbf50f202378ebf5465d790ca9ec8afa74e13ad2884ed7e1785,Agave Companion,agave-mezcal-negroni-p244.webp,Mezcal Negroni,2023.0,Exact EPUB image caption names the cocktail; recipe title independently exists in the cocktail recipe chapter.,679.0
55434,A,images/agave_companion_2023/agave-companion__pomegranate-margarita__p236.webp,996,pomegranate-margarita,,236.0,,ad60f64277681f35d121d5cedf3d09b666ba5032c61eb40cf84ef3e5b5006e0d,Agave Companion,agave-pomegranate-margarita-p236.webp,Pomegranate Margarita,2023.0,Exact EPUB image caption names the cocktail; recipe title independently exists in the cocktail recipe chapter.,910.0
56580,A,images/agave_companion_2023/agave-companion__summer-herb-margarita__p239.webp,799,summer-herb-margarita,,239.0,,4b5a6c667fdff716363c84b8e1f4598e91e35a8bf7682972b5f2b9989e377455,Agave Companion,agave-summer-herb-margarita-p239.webp,Summer Herb Margarita,2023.0,Exact EPUB image caption names the cocktail; recipe title independently exists in the cocktail recipe chapter.,679.0
69808,A,images/agave_companion_2023/agave-companion__tequila-manhattan__p220.webp,915,tequila-manhattan,,220.0,,15fd684de49285c7eb62bb3ae14dba31a059d69275465a4cd4d20c11a55f77d6,Agave Companion,agave-tequila-manhattan-p220.webp,Tequila Manhattan,2023.0,Exact EPUB image caption names the cocktail; recipe title independently exists in the cocktail recipe chapter.,1400.0
30300,A,images/death_and_co/death-co__rebel-rebel__p050.webp,1279,rebel-rebel,50.0,193.0,,ca50f856b0f44243b7b637080e0d0d1a7de22711c6002091faa5fbe884cc2b71,Death & Co,death-co__rebel-rebel__p050.webp,Rebel Rebel,2014.0,Exact cocktail identity verified from source caption and/or same-page named recipe; title cross-checked against Death & Co recipe/index text; image visually audited.,
120214,A,images/death_and_co/death-co__pit-stop-flip__p146.webp,1645,pit-stop-flip,146.0,246.0,,99cd2cc3d1d14c7faec3e10179962d92ac23a5c65485e5bcdb5cac20943f2797,Death & Co,death-co__pit-stop-flip__p146.webp,Pit Stop Flip,2014.0,Exact cocktail identity verified from source caption and/or same-page named recipe; title cross-checked against Death & Co recipe/index text; image visually audited.,
28532,A,images/death_and_co/death-co__cobra-s-fang__p166.webp,698,cobra-s-fang,166.0,141.0,,448321a1f38589d7572166ff5ca8fb8870c407d4c3466157891f0238d2f07d3d,Death & Co,death-co__cobra-s-fang__p166.webp,Cobra's Fang,2014.0,Exact cocktail identity verified from source caption and/or same-page named recipe; title cross-checked against Death & Co recipe/index text; image visually audited.,
86332,A,images/death_and_co/death-co__muddled-mission__p180.webp,1645,muddled-mission,180.0,158.0,,6f590d742dad47a4dce79e185fecd6b5b7bedbfc0dc37379903ac507ba5236e5,Death & Co,death-co__muddled-mission__p180.webp,Muddled Mission,2014.0,Exact cocktail identity verified from source caption and/or same-page named recipe; title cross-checked against Death & Co recipe/index text; image visually audited.,
95166,A,images/death_and_co/death-co__east-india-trading-co__p201.webp,1659,east-india-trading-co,201.0,176.0,,bdd405895714c3a3cf4d3070fa9c915488877992e3ad6876e307c02f3574fa3b,Death & Co,death-co__east-india-trading-co__p201.webp,East India Trading Co.,2014.0,Exact cocktail identity verified from source caption and/or same-page named recipe; title cross-checked against Death & Co recipe/index text; image visually audited.,
22506,A,images/death_and_co/death-co__naked-and-famous__p209.webp,1059,naked-and-famous,209.0,185.0,,8deebad084e5173bef199f946d2b05da466350782324d1894634124fe571ab8d,Death & Co,death-co__naked-and-famous__p209.webp,Naked and Famous,2014.0,Exact cocktail identity verified from source caption and/or same-page named recipe; title cross-checked against Death & Co recipe/index text; image visually audited.,
58638,A,images/death_and_co/death-co__pinche-chivo__p210.webp,1279,pinche-chivo,210.0,187.0,,d55c35499194bf3982a91ae0b71df261b02e3fcc75b56c03d43c7f4616feee21,Death & Co,death-co__pinche-chivo__p210.webp,Pinche Chivo,2014.0,Exact cocktail identity verified from source caption and/or same-page named recipe; title cross-checked against Death & Co recipe/index text; image visually audited.,
64436,A,images/death_and_co/death-co__manhattan-transfer__p231.webp,1289,manhattan-transfer,231.0,206.0,,c8e63bcf3802ed372ab2b8f41e189330019cc351d2466a777de74f0e68d4e0fd,Death & Co,death-co__manhattan-transfer__p231.webp,Manhattan Transfer,2014.0,Exact cocktail identity verified from source caption and/or same-page named recipe; title cross-checked against Death & Co recipe/index text; image visually audited.,
53922,A,images/death_and_co/death-co__mig-royale__p249.webp,1289,mig-royale,249.0,224.0,,d731d1972395e4dc46e41235977ca6401a2538545fd0ef3cee6687c4d5be4d65,Death & Co,death-co__mig-royale__p249.webp,Mig Royale,2014.0,Exact cocktail identity verified from source caption and/or same-page named recipe; title cross-checked against Death & Co recipe/index text; image visually audited.,
58808,A,images/death_and_co/death-co__billingsley-punch__p259.webp,1289,billingsley-punch,259.0,232.0,,7f22162985c1c4945f09f94349f64cb19ee8990fbfe4ebc16ceb887a1caf7e39,Death & Co,death-co__billingsley-punch__p259.webp,Billingsley Punch,2014.0,Exact cocktail identity verified from source caption and/or same-page named recipe; title cross-checked against Death & Co recipe/index text; image visually audited.,
40032,A,images/death_and_co/death-co__celine-fizz__p271.webp,1046,celine-fizz,271.0,245.0,,9a47eeb49cc0299b1ea9e96a1f520feb887a688383930ecfe1fca60ebfa2f56d,Death & Co,death-co__celine-fizz__p271.webp,Celine Fizz,2014.0,Exact cocktail identity verified from source caption and/or same-page named recipe; title cross-checked against Death & Co recipe/index text; image visually audited.,
59682,A,images/death_and_co/death-co__classic-manhattan__p290.webp,1279,classic-manhattan,290.0,145.0,,d7415ff24c448d249ab3ef5b635ad8a1279f76459424e8408671064755ba3ed8,Death & Co,death-co__classic-manhattan__p290.webp,Classic Manhattan,2014.0,Exact cocktail identity verified from source caption and/or same-page named recipe; title cross-checked against Death & Co recipe/index text; image visually audited.,
64292,A,images/death_and_co/death-co__elder-fashion__p295.webp,1289,elder-fashion,295.0,270.0,,f5e6148edac12be8add47c469d1ba60f940f05e9893de0b29cf6529234983353,Death & Co,death-co__elder-fashion__p295.webp,Elder Fashion,2014.0,Exact cocktail identity verified from source caption and/or same-page named recipe; title cross-checked against Death & Co recipe/index text; image visually audited.,
12990,A,images/essential_cocktail_book_2017/essential-2017__absinthe-frappe__photo-p047.webp,741,absinthe-frappe,47.0,32.0,46.0,ecd2ba911bd43a0a9e9d3de2ea9e2ab14f6071a340745bea0bb2e8088649feb1,Essential Cocktail Book,ess2017-photo-p047.webp,ABSINTHE FRAPPE,2017.0,Exact recipe title verified on source recipe page; dedicated adjacent photo page confirmed; all contact sheets visually audited as cocktail photographs.,490.0
22264,A,images/essential_cocktail_book_2017/essential-2017__adonis__photo-p049.webp,741,adonis,49.0,34.0,48.0,824045a6d1e0d2e603fc1837d1314c73391bb18c5021f526fa55ca0006a185a3,Essential Cocktail Book,ess2017-photo-p049.webp,ADONIS,2017.0,Exact recipe title verified on source recipe page; dedicated adjacent photo page confirmed; all contact sheets visually audited as cocktail photographs.,490.0
20924,A,images/essential_cocktail_book_2017/essential-2017__airmail__photo-p050.webp,741,airmail,50.0,37.0,51.0,aff030d9a03d2983130c82c356293f3106880ab1b553072e442c09439db58d59,Essential Cocktail Book,ess2017-photo-p050.webp,AIRMAIL,2017.0,Exact recipe title verified on source recipe page; dedicated adjacent photo page confirmed; all contact sheets visually audited as cocktail photographs.,490.0
21060,A,images/essential_cocktail_book_2017/essential-2017__americano__photo-p053.webp,741,americano,53.0,38.0,52.0,ea57d040577037250a01f7ef9d621acc6e95243fa535f75d882a40948b1269e4,Essential Cocktail Book,ess2017-photo-p053.webp,AMERICANO,2017.0,Exact recipe title verified on source recipe page; dedicated adjacent photo page confirmed; all contact sheets visually audited as cocktail photographs.,490.0
23382,A,images/essential_cocktail_book_2017/essential-2017__aperol-spritz__photo-p054.webp,741,aperol-spritz,54.0,41.0,55.0,f07bab4d1b3243f3c79368f68592b44b0e667bcd0e28bbf9bc1efd8de32f684d,Essential Cocktail Book,ess2017-photo-p054.webp,APEROL SPRITZ,2017.0,Exact recipe title verified on source recipe page; dedicated adjacent photo page confirmed; all contact sheets visually audited as cocktail photographs.,490.0
14952,A,images/essential_cocktail_book_2017/essential-2017__aviation__photo-p057.webp,741,aviation,57.0,42.0,56.0,7a91235b29f664b9393dcc97a4424566798003fa74c2fdb4df9ee61fecbc6b31,Essential Cocktail Book,ess2017-photo-p057.webp,AVIATION,2017.0,Exact recipe title verified on source recipe page; dedicated adjacent photo page confirmed; all contact sheets visually audited as cocktail photographs.,490.0
14172,A,images/essential_cocktail_book_2017/essential-2017__bamboo__photo-p058.webp,741,bamboo,58.0,45.0,59.0,daeef662639e503ce598d152e97c11c3e84d14c731b17271474bba055e736630,Essential Cocktail Book,ess2017-photo-p058.webp,BAMBOO,2017.0,Exact recipe title verified on source recipe page; dedicated adjacent photo page confirmed; all contact sheets visually audited as cocktail photographs.,490.0
31188,A,images/essential_cocktail_book_2017/essential-2017__bee-s-knees__photo-p060.webp,741,bee-s-knees,60.0,47.0,61.0,ba50fba1acb1f4bc60e873fcec728d8b6e0eba6586d5e5b987096bed33e5e5c2,Essential Cocktail Book,ess2017-photo-p060.webp,BEE’S KNEES,2017.0,Exact recipe title verified on source recipe page; dedicated adjacent photo page confirmed; all contact sheets visually audited as cocktail photographs.,490.0
8928,A,images/essential_cocktail_book_2017/essential-2017__bicicletta__photo-p063.webp,741,bicicletta,63.0,48.0,62.0,cec907ebd3b3ab35dd50b8b8b164bd610b38f3f509efb4a6556392030e8f8546,Essential Cocktail Book,ess2017-photo-p063.webp,BICICLETTA,2017.0,Exact recipe title verified on source recipe page; dedicated adjacent photo page confirmed; all contact sheets visually audited as cocktail photographs.,490.0
15240,A,images/essential_cocktail_book_2017/essential-2017__bijou__photo-p064.webp,741,bijou,64.0,51.0,65.0,9f4064a7502e016a3aa0e45049af123e3066dff924129aa4653020a4d67af334,Essential Cocktail Book,ess2017-photo-p064.webp,BIJOU,2017.0,Exact recipe title verified on source recipe page; dedicated adjacent photo page confirmed; all contact sheets visually audited as cocktail photographs.,490.0
11424,A,images/essential_cocktail_book_2017/essential-2017__black-velvet__photo-p067.webp,741,black-velvet,67.0,52.0,66.0,b2c8076ab46c0b0eec0b58b2d45f8d04c811f13f99ccb37b5e3df092d4345ec2,Essential Cocktail Book,ess2017-photo-p067.webp,BLACK VELVET,2017.0,Exact recipe title verified on source recipe page; dedicated adjacent photo page confirmed; all contact sheets visually audited as cocktail photographs.,490.0
10672,A,images/essential_cocktail_book_2017/essential-2017__blood-and-sand__photo-p068.webp,741,blood-and-sand,68.0,55.0,69.0,ca0553c77a1064bad4785c4b57ebecebb9a44b19030d39c7b71eccf1501cf96f,Essential Cocktail Book,ess2017-photo-p068.webp,BLOOD AND SAND,2017.0,Exact recipe title verified on source recipe page; dedicated adjacent photo page confirmed; all contact sheets visually audited as cocktail photographs.,490.0
20510,A,images/essential_cocktail_book_2017/essential-2017__bloody-mary__photo-p071.webp,741,bloody-mary,71.0,56.0,70.0,b24f519c5d57e27628e5b48016f7bae9577846d66308db92e3aa619eaf3c8cd0,Essential Cocktail Book,ess2017-photo-p071.webp,BLOODY MARY,2017.0,Exact recipe title verified on source recipe page; dedicated adjacent photo page confirmed; all contact sheets visually audited as cocktail photographs.,490.0
21914,A,images/essential_cocktail_book_2017/essential-2017__boulevardier__photo-p072.webp,741,boulevardier,72.0,59.0,73.0,297ca59142e3495df4e7dfd33cb898e301c36c60ab58be56dca4be4b7e779386,Essential Cocktail Book,ess2017-photo-p072.webp,BOULEVARDIER,2017.0,Exact recipe title verified on source recipe page; dedicated adjacent photo page confirmed; all contact sheets visually audited as cocktail photographs.,490.0
13666,A,images/essential_cocktail_book_2017/essential-2017__brooklyn__photo-p075.webp,741,brooklyn,75.0,60.0,74.0,a60fdee77b7a60985d72b2e08a55928652e16a84448c1851c5990c4c74166c67,Essential Cocktail Book,ess2017-photo-p075.webp,BROOKLYN,2017.0,Exact recipe title verified on source recipe page; dedicated adjacent photo page confirmed; all contact sheets visually audited as cocktail photographs.,490.0
11198,A,images/essential_cocktail_book_2017/essential-2017__brown-derby__photo-p076.webp,741,brown-derby,76.0,63.0,77.0,d27293a374427b95b709f4c94abc2987e0396193cb3d2a759258be1f452fbb3f,Essential Cocktail Book,ess2017-photo-p076.webp,BROWN DERBY,2017.0,Exact recipe title verified on source recipe page; dedicated adjacent photo page confirmed; all contact sheets visually audited as cocktail photographs.,490.0
11980,A,images/essential_cocktail_book_2017/essential-2017__caipirinha__photo-p079.webp,741,caipirinha,79.0,64.0,78.0,4d1579d1bd9b35d26488f83c23e9c5ad9e0abaefb6310c1631ce8c663576d1a4,Essential Cocktail Book,ess2017-photo-p079.webp,CAIPIRINHA,2017.0,Exact recipe title verified on source recipe page; dedicated adjacent photo page confirmed; all contact sheets visually audited as cocktail photographs.,490.0
17058,A,images/essential_cocktail_book_2017/essential-2017__champagne-cocktail__photo-p080.webp,741,champagne-cocktail,80.0,67.0,81.0,5c8078794b1855570cfc36b718f45292f022e51ab589a85725f577ea9fe9ad71,Essential Cocktail Book,ess2017-photo-p080.webp,CHAMPAGNE COCKTAIL,2017.0,Exact recipe title verified on source recipe page; dedicated adjacent photo page confirmed; all contact sheets visually audited as cocktail photographs.,490.0
30224,A,images/essential_cocktail_book_2017/essential-2017__charles-dickens-s-punch__photo-p082.webp,741,charles-dickens-s-punch,82.0,69.0,83.0,738c1016367b255c109a580452bb3c2e3d1091a8ddfeec48b3beee69ee1c17b9,Essential Cocktail Book,ess2017-photo-p082.webp,CHARLES DICKENS’S PUNCH,2017.0,Exact recipe title verified on source recipe page; dedicated adjacent photo page confirmed; all contact sheets visually audited as cocktail photographs.,490.0
11504,A,images/essential_cocktail_book_2017/essential-2017__clover-club__photo-p085.webp,741,clover-club,85.0,70.0,84.0,2522f32f42929662a66fb753283d3cbba53ec1b76e2b8894451092e0419e1cc0,Essential Cocktail Book,ess2017-photo-p085.webp,CLOVER CLUB,2017.0,Exact recipe title verified on source recipe page; dedicated adjacent photo page confirmed; all contact sheets visually audited as cocktail photographs.,490.0
16932,A,images/essential_cocktail_book_2017/essential-2017__corpse-reviver-no-2__photo-p086.webp,741,corpse-reviver-no-2,86.0,73.0,87.0,c59b3b6eaf820da05dccac6c6bc697e2bec975c2b8e68a02d2273b296b341212,Essential Cocktail Book,ess2017-photo-p086.webp,CORPSE REVIVER NO. 2,2017.0,Exact recipe title verified on source recipe page; dedicated adjacent photo page confirmed; all contact sheets visually audited as cocktail photographs.,490.0
13482,A,images/essential_cocktail_book_2017/essential-2017__daiquiri__photo-p089.webp,741,daiquiri,89.0,74.0,88.0,d98c6538a651ec56345c6422921a083907d40c179b0ce77f724be8762dd7714d,Essential Cocktail Book,ess2017-photo-p089.webp,DAIQUIRI,2017.0,Exact recipe title verified on source recipe page; dedicated adjacent photo page confirmed; all contact sheets visually audited as cocktail photographs.,490.0
23508,A,images/essential_cocktail_book_2017/essential-2017__daniel-webster-s-punch__photo-p090.webp,741,daniel-webster-s-punch,90.0,77.0,91.0,0d88e2431abac74be451a9dc34ba3224570d2e7e11265954d4d2f548b6b68ad1,Essential Cocktail Book,ess2017-photo-p090.webp,DANIEL WEBSTER’S PUNCH,2017.0,Exact recipe title verified on source recipe page; dedicated adjacent photo page confirmed; all contact sheets visually audited as cocktail photographs.,490.0
19220,A,images/essential_cocktail_book_2017/essential-2017__dark-n-stormy__photo-p093.webp,741,dark-n-stormy,93.0,78.0,92.0,706c28c81ee55972b325859eb656bf74ee0debfd9bda38fea92c0d465ee5721c,Essential Cocktail Book,ess2017-photo-p093.webp,DARK ’N’ STORMY,2017.0,Exact recipe title verified on source recipe page; dedicated adjacent photo page confirmed; all contact sheets visually audited as cocktail photographs.,490.0
12108,A,images/essential_cocktail_book_2017/essential-2017__de-la-louisiane__photo-p094.webp,741,de-la-louisiane,94.0,81.0,95.0,33f4b9e6adaedb8bf8c780fdbb943dc1867bdb4009d788312c450f9990ba9df8,Essential Cocktail Book,ess2017-photo-p094.webp,DE LA LOUISIANE,2017.0,Exact recipe title verified on source recipe page; dedicated adjacent photo page confirmed; all contact sheets visually audited as cocktail photographs.,490.0
24344,A,images/essential_cocktail_book_2017/essential-2017__death-in-the-afternoon__photo-p097.webp,741,death-in-the-afternoon,97.0,82.0,96.0,9c6cf3103ec5d925f180509db7946318d2f6610656ea613a1297e5ec7b62db2d,Essential Cocktail Book,ess2017-photo-p097.webp,DEATH IN THE AFTERNOON,2017.0,Exact recipe title verified on source recipe page; dedicated adjacent photo page confirmed; all contact sheets visually audited as cocktail photographs.,490.0
12268,A,images/essential_cocktail_book_2017/essential-2017__florodora__photo-p098.webp,741,florodora,98.0,85.0,99.0,11386abcf4b2a909f3b7249925c0966e6f4600c87a5b5f85ea2479ccfa59ec08,Essential Cocktail Book,ess2017-photo-p098.webp,FLORODORA,2017.0,Exact recipe title verified on source recipe page; dedicated adjacent photo page confirmed; all contact sheets visually audited as cocktail photographs.,490.0
8824,A,images/essential_cocktail_book_2017/essential-2017__french-75__photo-p101.webp,741,french-75,101.0,86.0,100.0,850dc71a843caf745f76f7d50635c7e5f0cd365df5e46d1703c44b03a51cd35b,Essential Cocktail Book,ess2017-photo-p101.webp,FRENCH 75,2017.0,Exact recipe title verified on source recipe page; dedicated adjacent photo page confirmed; all contact sheets visually audited as cocktail photographs.,490.0
10390,A,images/essential_cocktail_book_2017/essential-2017__garibaldi__photo-p102.webp,741,garibaldi,102.0,89.0,103.0,b3334e27ac1a324ea3ab558bd9ef3caba1b00f8a8ce8eeab97913f61725c8d21,Essential Cocktail Book,ess2017-photo-p102.webp,GARIBALDI,2017.0,Exact recipe title verified on source recipe page; dedicated adjacent photo page confirmed; all contact sheets visually audited as cocktail photographs.,490.0
12996,A,images/essential_cocktail_book_2017/essential-2017__gibson__photo-p104.webp,741,gibson,104.0,91.0,105.0,1b931b920eb9635076c0643aeb85bc7cf01452f733d425f683c4a6cbc8dc6a93,Essential Cocktail Book,ess2017-photo-p104.webp,GIBSON,2017.0,Exact recipe title verified on source recipe page; dedicated adjacent photo page confirmed; all contact sheets visually audited as cocktail photographs.,490.0
16038,A,images/essential_cocktail_book_2017/essential-2017__gimlet__photo-p107.webp,741,gimlet,107.0,92.0,106.0,702611ec8465b065319fd693f17504056d8656cb9ca17acd076337f9db947bde,Essential Cocktail Book,ess2017-photo-p107.webp,GIMLET,2017.0,Exact recipe title verified on source recipe page; dedicated adjacent photo page confirmed; all contact sheets visually audited as cocktail photographs.,490.0
18824,A,images/essential_cocktail_book_2017/essential-2017__gin-and-tonic__photo-p108.webp,741,gin-and-tonic,108.0,95.0,109.0,e1fb85f8e2218ce1a0636149d014949eddf1e2027e6b8c263ba01d1d8b3cd858,Essential Cocktail Book,ess2017-photo-p108.webp,GIN AND TONIC,2017.0,Exact recipe title verified on source recipe page; dedicated adjacent photo page confirmed; all contact sheets visually audited as cocktail photographs.,490.0
19566,A,images/essential_cocktail_book_2017/essential-2017__gin-daisy-old-and-new__photo-p110.webp,741,gin-daisy-old-and-new,110.0,97.0,111.0,f0b0cbd1484b86678f2d92c574ef3b12cb0f27725dc226fd8539a5e4afdcc4a4,Essential Cocktail Book,ess2017-photo-p110.webp,GIN DAISY (OLD AND NEW),2017.0,Exact recipe title verified on source recipe page; dedicated adjacent photo page confirmed; all contact sheets visually audited as cocktail photographs.,490.0
9004,A,images/essential_cocktail_book_2017/essential-2017__gin-fizz__photo-p113.webp,741,gin-fizz,113.0,98.0,112.0,23326ec59aa410dd2dcaca77b9d5faee4721b89546d22a3b2943979d2333fee4,Essential Cocktail Book,ess2017-photo-p113.webp,GIN FIZZ,2017.0,Exact recipe title verified on source recipe page; dedicated adjacent photo page confirmed; all contact sheets visually audited as cocktail photographs.,490.0
15110,A,images/essential_cocktail_book_2017/essential-2017__gin-rickey__photo-p114.webp,741,gin-rickey,114.0,101.0,115.0,a2357680176232523283f2348321a53ee07b087334384537372ad44470117c6c,Essential Cocktail Book,ess2017-photo-p114.webp,GIN RICKEY,2017.0,Exact recipe title verified on source recipe page; dedicated adjacent photo page confirmed; all contact sheets visually audited as cocktail photographs.,490.0
11670,A,images/essential_cocktail_book_2017/essential-2017__gin-sour__photo-p117.webp,741,gin-sour,117.0,102.0,116.0,d8ace11e52026e3e8ed724549c3931485e4d3620eca4b4c803ae927ca43797dd,Essential Cocktail Book,ess2017-photo-p117.webp,GIN SOUR,2017.0,Exact recipe title verified on source recipe page; dedicated adjacent photo page confirmed; all contact sheets visually audited as cocktail photographs.,490.0
16470,A,images/essential_cocktail_book_2017/essential-2017__hemingway-daiquiri__photo-p118.webp,741,hemingway-daiquiri,118.0,105.0,119.0,6e30facdbfcd481e3df6d9cb63159f431dfb5a976bbcc477df4b30c5442e3cbf,Essential Cocktail Book,ess2017-photo-p118.webp,HEMINGWAY DAIQUIRI,2017.0,Exact recipe title verified on source recipe page; dedicated adjacent photo page confirmed; all contact sheets visually audited as cocktail photographs.,490.0
15526,A,images/essential_cocktail_book_2017/essential-2017__improved-whiskey-cocktail__photo-p120.webp,741,improved-whiskey-cocktail,120.0,107.0,121.0,891de01bb39f7c771f0874b30455d9237e656b24ec905993f0e042087a75b664,Essential Cocktail Book,ess2017-photo-p120.webp,IMPROVED WHISKEY COCKTAIL,2017.0,Exact recipe title verified on source recipe page; dedicated adjacent photo page confirmed; all contact sheets visually audited as cocktail photographs.,490.0
17694,A,images/essential_cocktail_book_2017/essential-2017__jungle-bird__photo-p123.webp,741,jungle-bird,123.0,108.0,122.0,542073255e955eefc841f6ab5edfb3458a35f9feba86f066f5f71f276504a985,Essential Cocktail Book,ess2017-photo-p123.webp,JUNGLE BIRD,2017.0,Exact recipe title verified on source recipe page; dedicated adjacent photo page confirmed; all contact sheets visually audited as cocktail photographs.,490.0
15784,A,images/essential_cocktail_book_2017/essential-2017__last-word__photo-p124.webp,741,last-word,124.0,111.0,125.0,0ea31c47856f61ee85c9f3b4dbb7272eb3b319595a34ea839d76a328e3049244,Essential Cocktail Book,ess2017-photo-p124.webp,LAST WORD,2017.0,Exact recipe title verified on source recipe page; dedicated adjacent photo page confirmed; all contact sheets visually audited as cocktail photographs.,490.0
14448,A,images/essential_cocktail_book_2017/essential-2017__mai-tai__photo-p126.webp,741,mai-tai,126.0,113.0,127.0,253e756e5300f875846060842025a272a814c6d71c388a29a167eda470effb2f,Essential Cocktail Book,ess2017-photo-p126.webp,MAI TAI,2017.0,Exact recipe title verified on source recipe page; dedicated adjacent photo page confirmed; all contact sheets visually audited as cocktail photographs.,490.0
14884,A,images/essential_cocktail_book_2017/essential-2017__manhattan__photo-p129.webp,741,manhattan,129.0,114.0,128.0,5a66ddd6ad68deacac81db14e664daa6bc95dd47277d7fcb7e21f31ae3fa4f98,Essential Cocktail Book,ess2017-photo-p129.webp,MANHATTAN,2017.0,Exact recipe title verified on source recipe page; dedicated adjacent photo page confirmed; all contact sheets visually audited as cocktail photographs.,490.0
13418,A,images/essential_cocktail_book_2017/essential-2017__margarita__photo-p130.webp,741,margarita,130.0,117.0,131.0,249f570dedc9288d0af9148e6ffa81ae1ef0d39e08c342506830ff967f266fdc,Essential Cocktail Book,ess2017-photo-p130.webp,MARGARITA,2017.0,Exact recipe title verified on source recipe page; dedicated adjacent photo page confirmed; all contact sheets visually audited as cocktail photographs.,490.0
9434,A,images/essential_cocktail_book_2017/essential-2017__martinez__photo-p133.webp,741,martinez,133.0,118.0,132.0,af582c2d0caa314120ec675821733ac187b7d3e420635c9c3e918d908ecfe514,Essential Cocktail Book,ess2017-photo-p133.webp,MARTINEZ,2017.0,Exact recipe title verified on source recipe page; dedicated adjacent photo page confirmed; all contact sheets visually audited as cocktail photographs.,490.0
26322,A,images/essential_cocktail_book_2017/essential-2017__martini__photo-p134.webp,741,martini,134.0,121.0,135.0,e74ecc80c607606645cb82915c3b1b652e00ff921a6187f1bd09f8449995a3c6,Essential Cocktail Book,ess2017-photo-p134.webp,MARTINI,2017.0,Exact recipe title verified on source recipe page; dedicated adjacent photo page confirmed; all contact sheets visually audited as cocktail photographs.,490.0
18068,A,images/essential_cocktail_book_2017/essential-2017__mexican-firing-squad__photo-p137.webp,741,mexican-firing-squad,137.0,122.0,136.0,62788fb0a265690c3a4295a7a15654cc2efb80e13bb9bc7307b3d9c5fc330c93,Essential Cocktail Book,ess2017-photo-p137.webp,MEXICAN FIRING SQUAD,2017.0,Exact recipe title verified on source recipe page; dedicated adjacent photo page confirmed; all contact sheets visually audited as cocktail photographs.,490.0
18094,A,images/essential_cocktail_book_2017/essential-2017__michelada__photo-p139.webp,741,michelada,139.0,124.0,138.0,4dd64aa06f104df9802774436dc83116b0c10c81da318c9b1fb1f27165dba87d,Essential Cocktail Book,ess2017-photo-p139.webp,MICHELADA,2017.0,Exact recipe title verified on source recipe page; dedicated adjacent photo page confirmed; all contact sheets visually audited as cocktail photographs.,490.0
9672,A,images/essential_cocktail_book_2017/essential-2017__millionaire-cocktail__photo-p140.webp,741,millionaire-cocktail,140.0,127.0,141.0,79701eadf0a1a39bf18d4179f26382bfedfdbed6d7c048f0e212e84f285d331e,Essential Cocktail Book,ess2017-photo-p140.webp,MILLIONAIRE COCKTAIL,2017.0,Exact recipe title verified on source recipe page; dedicated adjacent photo page confirmed; all contact sheets visually audited as cocktail photographs.,490.0
20812,A,images/essential_cocktail_book_2017/essential-2017__mint-julep__photo-p143.webp,741,mint-julep,143.0,128.0,142.0,7e0adbab0bb0a4e95d7c29ebc52609acc9027d0e6cd89e86b87444950418988e,Essential Cocktail Book,ess2017-photo-p143.webp,MINT JULEP,2017.0,Exact recipe title verified on source recipe page; dedicated adjacent photo page confirmed; all contact sheets visually audited as cocktail photographs.,490.0
15062,A,images/essential_cocktail_book_2017/essential-2017__mojito__photo-p144.webp,741,mojito,144.0,131.0,145.0,b146f123066158e0dbf432663dcd3bedb271adaf2843ebf226fafe9215d86820,Essential Cocktail Book,ess2017-photo-p144.webp,MOJITO,2017.0,Exact recipe title verified on source recipe page; dedicated adjacent photo page confirmed; all contact sheets visually audited as cocktail photographs.,490.0
15176,A,images/essential_cocktail_book_2017/essential-2017__moscow-mule__photo-p147.webp,741,moscow-mule,147.0,132.0,146.0,9fa139ec63aa72509ddfc5feac492ef4f1601ea7b6043bcf1752a28e8c9579f6,Essential Cocktail Book,ess2017-photo-p147.webp,MOSCOW MULE,2017.0,Exact recipe title verified on source recipe page; dedicated adjacent photo page confirmed; all contact sheets visually audited as cocktail photographs.,490.0
11556,A,images/essential_cocktail_book_2017/essential-2017__negroni__photo-p148.webp,741,negroni,148.0,135.0,149.0,9f3b42999e1617ffd08accdc06627d950b286e437c816be12cb6369dd12e8807,Essential Cocktail Book,ess2017-photo-p148.webp,NEGRONI,2017.0,Exact recipe title verified on source recipe page; dedicated adjacent photo page confirmed; all contact sheets visually audited as cocktail photographs.,490.0
22478,A,images/essential_cocktail_book_2017/essential-2017__negroni-sbagliato__photo-p151.webp,741,negroni-sbagliato,151.0,136.0,150.0,e5eb47efaecc5e4a66454e67f3b6381b00d0a12dd4329ad4f31ed5315001b0ec,Essential Cocktail Book,ess2017-photo-p151.webp,NEGRONI SBAGLIATO,2017.0,Exact recipe title verified on source recipe page; dedicated adjacent photo page confirmed; all contact sheets visually audited as cocktail photographs.,490.0
13268,A,images/essential_cocktail_book_2017/essential-2017__new-york-sour__photo-p153.webp,741,new-york-sour,153.0,138.0,152.0,76b8c058aecfc2c29879c0fd9ebd170d8a3251ef93b5b8bdb8b63f6baa32d817,Essential Cocktail Book,ess2017-photo-p153.webp,NEW YORK SOUR,2017.0,Exact recipe title verified on source recipe page; dedicated adjacent photo page confirmed; all contact sheets visually audited as cocktail photographs.,490.0
23738,A,images/essential_cocktail_book_2017/essential-2017__old-pal__photo-p154.webp,741,old-pal,154.0,141.0,155.0,4bb9de29e21f8c2675c07c91dd98c5f1b3554ba8808c49c378bc42bba7eafc4b,Essential Cocktail Book,ess2017-photo-p154.webp,OLD PAL,2017.0,Exact recipe title verified on source recipe page; dedicated adjacent photo page confirmed; all contact sheets visually audited as cocktail photographs.,490.0
14636,A,images/essential_cocktail_book_2017/essential-2017__old-fashioned__photo-p157.webp,741,old-fashioned,157.0,142.0,156.0,611ab583ed4ba4abdcba35842c4495a85bd564e40dc811c8fc45690188ed3ec7,Essential Cocktail Book,ess2017-photo-p157.webp,OLD-FASHIONED,2017.0,Exact recipe title verified on source recipe page; dedicated adjacent photo page confirmed; all contact sheets visually audited as cocktail photographs.,490.0
16898,A,images/essential_cocktail_book_2017/essential-2017__painkiller__photo-p159.webp,741,painkiller,159.0,144.0,158.0,8ca1d05d9798b6fa75af9742f376af3c84a7476fb72ce50eb518ff3ed5ebb9fb,Essential Cocktail Book,ess2017-photo-p159.webp,PAINKILLER,2017.0,Exact recipe title verified on source recipe page; dedicated adjacent photo page confirmed; all contact sheets visually audited as cocktail photographs.,490.0
12480,A,images/essential_cocktail_book_2017/essential-2017__paloma__photo-p160.webp,741,paloma,160.0,147.0,161.0,273389ddb2ab09b990d5b80bd56e211ec8ec6c541819f714262ae3e011cd5576,Essential Cocktail Book,ess2017-photo-p160.webp,PALOMA,2017.0,Exact recipe title verified on source recipe page; dedicated adjacent photo page confirmed; all contact sheets visually audited as cocktail photographs.,490.0
23696,A,images/essential_cocktail_book_2017/essential-2017__pegu-club__photo-p163.webp,741,pegu-club,163.0,148.0,162.0,f45414a3bdae3d4d81059f0041ab9a18bfca74bb7c584c7c88b283210b59bbad,Essential Cocktail Book,ess2017-photo-p163.webp,PEGU CLUB,2017.0,Exact recipe title verified on source recipe page; dedicated adjacent photo page confirmed; all contact sheets visually audited as cocktail photographs.,490.0
30872,A,images/essential_cocktail_book_2017/essential-2017__philadelphia-fish-house-punch__photo-p164.webp,741,philadelphia-fish-house-punch,164.0,151.0,165.0,f8de67803784cc43b6e3b731b027b8ceda9a752ca44518363fa604daa693d192,Essential Cocktail Book,ess2017-photo-p164.webp,PHILADELPHIA FISH HOUSE PUNCH,2017.0,Exact recipe title verified on source recipe page; dedicated adjacent photo page confirmed; all contact sheets visually audited as cocktail photographs.,490.0
15650,A,images/essential_cocktail_book_2017/essential-2017__pimm-s-cup__photo-p167.webp,741,pimm-s-cup,167.0,152.0,166.0,dad1acd391dc8e4021fc529b8f971288d26e78d0152b6e94fce782fb1620ad9a,Essential Cocktail Book,ess2017-photo-p167.webp,PIMM’S CUP,2017.0,Exact recipe title verified on source recipe page; dedicated adjacent photo page confirmed; all contact sheets visually audited as cocktail photographs.,490.0
10368,A,images/essential_cocktail_book_2017/essential-2017__pina-colada__photo-p169.webp,741,pina-colada,169.0,154.0,168.0,f64e7f82a4568d2d6f53b12f311fcee71b2986050368bb7249ea4f5c8cf6b2c2,Essential Cocktail Book,ess2017-photo-p169.webp,PINA COLADA,2017.0,Exact recipe title verified on source recipe page; dedicated adjacent photo page confirmed; all contact sheets visually audited as cocktail photographs.,490.0
11098,A,images/essential_cocktail_book_2017/essential-2017__pisco-sour__photo-p170.webp,741,pisco-sour,170.0,157.0,171.0,0e4365c007cb2b120bfe0a0d511da091c2aac754749cc7119ad66675c501e8f0,Essential Cocktail Book,ess2017-photo-p170.webp,PISCO SOUR,2017.0,Exact recipe title verified on source recipe page; dedicated adjacent photo page confirmed; all contact sheets visually audited as cocktail photographs.,490.0
24724,A,images/essential_cocktail_book_2017/essential-2017__planter-s-punch__photo-p173.webp,741,planter-s-punch,173.0,158.0,172.0,a7cd68894bae6fd602bbe6aada6bfc868ff66d62d4ea508fd36705022e8b5fb6,Essential Cocktail Book,ess2017-photo-p173.webp,PLANTER’S PUNCH,2017.0,Exact recipe title verified on source recipe page; dedicated adjacent photo page confirmed; all contact sheets visually audited as cocktail photographs.,490.0
13832,A,images/essential_cocktail_book_2017/essential-2017__queen-s-park-swizzle__photo-p175.webp,741,queen-s-park-swizzle,175.0,160.0,174.0,d3d74ab07969e858bd77fd604eec72748d9c613ebd76b2ec90c36472b935c1cc,Essential Cocktail Book,ess2017-photo-p175.webp,QUEEN’S PARK SWIZZLE,2017.0,Exact recipe title verified on source recipe page; dedicated adjacent photo page confirmed; all contact sheets visually audited as cocktail photographs.,490.0
10506,A,images/essential_cocktail_book_2017/essential-2017__ramos-gin-fizz__photo-p176.webp,741,ramos-gin-fizz,176.0,163.0,177.0,0a69d172af5782c51c2ea1d42b282f9230c96b67c8d01d2d833db13446591831,Essential Cocktail Book,ess2017-photo-p176.webp,RAMOS GIN FIZZ,2017.0,Exact recipe title verified on source recipe page; dedicated adjacent photo page confirmed; all contact sheets visually audited as cocktail photographs.,490.0
11910,A,images/essential_cocktail_book_2017/essential-2017__remember-the-maine__photo-p179.webp,741,remember-the-maine,179.0,164.0,178.0,34dc8fcb69903301be9f35ebde8eac46fff2ed51837ff97a89dc30fbe6d48096,Essential Cocktail Book,ess2017-photo-p179.webp,REMEMBER THE MAINE,2017.0,Exact recipe title verified on source recipe page; dedicated adjacent photo page confirmed; all contact sheets visually audited as cocktail photographs.,490.0
20808,A,images/essential_cocktail_book_2017/essential-2017__rob-roy__photo-p180.webp,741,rob-roy,180.0,167.0,181.0,bce54b47f4cae9338028bbdf37eb92f11a100d5e864981b10bbe62c32680dfe6,Essential Cocktail Book,ess2017-photo-p180.webp,ROB ROY,2017.0,Exact recipe title verified on source recipe page; dedicated adjacent photo page confirmed; all contact sheets visually audited as cocktail photographs.,490.0
27810,A,images/essential_cocktail_book_2017/essential-2017__sazerac__photo-p183.webp,741,sazerac,183.0,168.0,182.0,2c50e4156ca7dc1735d1858510212bc0fac53b5d501cdd0179f1b25118f46dae,Essential Cocktail Book,ess2017-photo-p183.webp,SAZERAC,2017.0,Exact recipe title verified on source recipe page; dedicated adjacent photo page confirmed; all contact sheets visually audited as cocktail photographs.,490.0
28678,A,images/essential_cocktail_book_2017/essential-2017__scorpion-bowl__photo-p185.webp,741,scorpion-bowl,185.0,170.0,184.0,07b71c59d9cbbef1279d991c03f0c1dd9e94ba76aa95470c4eb62feb2233180b,Essential Cocktail Book,ess2017-photo-p185.webp,SCORPION BOWL,2017.0,Exact recipe title verified on source recipe page; dedicated adjacent photo page confirmed; all contact sheets visually audited as cocktail photographs.,490.0
21066,A,images/essential_cocktail_book_2017/essential-2017__sherry-cobbler__photo-p186.webp,741,sherry-cobbler,186.0,173.0,187.0,716823c4373014372c8e143d6897e2a85dd13320b36622aa28fbde3c20a9a5a5,Essential Cocktail Book,ess2017-photo-p186.webp,SHERRY COBBLER,2017.0,Exact recipe title verified on source recipe page; dedicated adjacent photo page confirmed; all contact sheets visually audited as cocktail photographs.,490.0
12112,A,images/essential_cocktail_book_2017/essential-2017__sherry-flip__photo-p188.webp,741,sherry-flip,188.0,175.0,189.0,c4ca9e4619d8bfa844aadbf846a3dd1fa90bca07149694aef6f277d80f7a22fd,Essential Cocktail Book,ess2017-photo-p188.webp,SHERRY FLIP,2017.0,Exact recipe title verified on source recipe page; dedicated adjacent photo page confirmed; all contact sheets visually audited as cocktail photographs.,490.0
14182,A,images/essential_cocktail_book_2017/essential-2017__sidecar__photo-p190.webp,741,sidecar,190.0,177.0,191.0,e4a51aba19ffdb29442018d95a5ca3df8007ab6f34a224ca7a734ef5f8a64d4d,Essential Cocktail Book,ess2017-photo-p190.webp,SIDECAR,2017.0,Exact recipe title verified on source recipe page; dedicated adjacent photo page confirmed; all contact sheets visually audited as cocktail photographs.,490.0
18570,A,images/essential_cocktail_book_2017/essential-2017__singapore-sling__photo-p193.webp,741,singapore-sling,193.0,178.0,192.0,36f3ff3bead30e5b5053a2c3d0c7e7e694c33522ba5c95c3851a74ec03d125d2,Essential Cocktail Book,ess2017-photo-p193.webp,SINGAPORE SLING,2017.0,Exact recipe title verified on source recipe page; dedicated adjacent photo page confirmed; all contact sheets visually audited as cocktail photographs.,490.0
13802,A,images/essential_cocktail_book_2017/essential-2017__sloe-gin-fizz__photo-p194.webp,741,sloe-gin-fizz,194.0,181.0,195.0,915e8081ff5fde1a36a93842d7161aa3e907392ff75c6db4f2bab31f4b85c4af,Essential Cocktail Book,ess2017-photo-p194.webp,SLOE GIN FIZZ,2017.0,Exact recipe title verified on source recipe page; dedicated adjacent photo page confirmed; all contact sheets visually audited as cocktail photographs.,490.0
12618,A,images/essential_cocktail_book_2017/essential-2017__southside__photo-p197.webp,741,southside,197.0,182.0,196.0,9319e9aaec2eefc3dc28a1a754f21a48a4db1abb6c75a580758494e55f8101a4,Essential Cocktail Book,ess2017-photo-p197.webp,SOUTHSIDE,2017.0,Exact recipe title verified on source recipe page; dedicated adjacent photo page confirmed; all contact sheets visually audited as cocktail photographs.,490.0
14518,A,images/essential_cocktail_book_2017/essential-2017__stone-fence__photo-p198.webp,741,stone-fence,198.0,185.0,199.0,46e9a596a4f251e7e432efd891407924912b8023adcb44281329c19070adb945,Essential Cocktail Book,ess2017-photo-p198.webp,STONE FENCE,2017.0,Exact recipe title verified on source recipe page; dedicated adjacent photo page confirmed; all contact sheets visually audited as cocktail photographs.,490.0
18632,A,images/essential_cocktail_book_2017/essential-2017__ti-punch__photo-p201.webp,741,ti-punch,201.0,186.0,200.0,340cc62826a36353fffb2f1b0cc3c1cc04316f33f18e387b0fecda10502a0eed,Essential Cocktail Book,ess2017-photo-p201.webp,TI’ PUNCH,2017.0,Exact recipe title verified on source recipe page; dedicated adjacent photo page confirmed; all contact sheets visually audited as cocktail photographs.,490.0
11256,A,images/essential_cocktail_book_2017/essential-2017__tom-collins__photo-p202.webp,741,tom-collins,202.0,189.0,203.0,437f2ddcc07878bdcd4844541bb6f45fcd44ae2047a466dcee1b9017af71737d,Essential Cocktail Book,ess2017-photo-p202.webp,TOM COLLINS,2017.0,Exact recipe title verified on source recipe page; dedicated adjacent photo page confirmed; all contact sheets visually audited as cocktail photographs.,490.0
21940,A,images/essential_cocktail_book_2017/essential-2017__tuxedo__photo-p205.webp,741,tuxedo,205.0,190.0,204.0,fbc27cac7027744b3fde12293b593e1663e8cd50b1b446f0548fc5dad357bdd2,Essential Cocktail Book,ess2017-photo-p205.webp,TUXEDO,2017.0,Exact recipe title verified on source recipe page; dedicated adjacent photo page confirmed; all contact sheets visually audited as cocktail photographs.,490.0
16204,A,images/essential_cocktail_book_2017/essential-2017__vesper__photo-p206.webp,741,vesper,206.0,193.0,207.0,cb351ac19bc364eba7c008ad0a6ab4c7909442548ab3f9d3ced23414cad75a27,Essential Cocktail Book,ess2017-photo-p206.webp,VESPER,2017.0,Exact recipe title verified on source recipe page; dedicated adjacent photo page confirmed; all contact sheets visually audited as cocktail photographs.,490.0
13458,A,images/essential_cocktail_book_2017/essential-2017__vieux-carre__photo-p209.webp,741,vieux-carre,209.0,194.0,208.0,9e9644286b140462779a6dfa5ba2d722fe6e88cd6b114c6f02ead560d238446b,Essential Cocktail Book,ess2017-photo-p209.webp,VIEUX CARRE,2017.0,Exact recipe title verified on source recipe page; dedicated adjacent photo page confirmed; all contact sheets visually audited as cocktail photographs.,490.0
15630,A,images/essential_cocktail_book_2017/essential-2017__whiskey-smash__photo-p210.webp,741,whiskey-smash,210.0,197.0,211.0,fbe4b409ca26963f78f39d797967bbf7cf35c217d5e35f7f1b348def43f2c7f2,Essential Cocktail Book,ess2017-photo-p210.webp,WHISKEY SMASH,2017.0,Exact recipe title verified on source recipe page; dedicated adjacent photo page confirmed; all contact sheets visually audited as cocktail photographs.,490.0
13142,A,images/essential_cocktail_book_2017/essential-2017__whiskey-sour__photo-p213.webp,741,whiskey-sour,213.0,198.0,212.0,17101d3f4920353339c3416dd1ee930c44fc6ea565cf21cb93fa2b63e30b8b0f,Essential Cocktail Book,ess2017-photo-p213.webp,WHISKEY SOUR,2017.0,Exact recipe title verified on source recipe page; dedicated adjacent photo page confirmed; all contact sheets visually audited as cocktail photographs.,490.0
19966,A,images/essential_cocktail_book_2017/essential-2017__zombie__photo-p215.webp,741,zombie,215.0,200.0,214.0,64913970565eacbd14c530bec27003a0b92212d88264e3377193fceddad6a077,Essential Cocktail Book,ess2017-photo-p215.webp,ZOMBIE,2017.0,Exact recipe title verified on source recipe page; dedicated adjacent photo page confirmed; all contact sheets visually audited as cocktail photographs.,490.0
18002,A,images/essential_cocktail_book_2017/essential-2017__american-trilogy__photo-p218.webp,741,american-trilogy,218.0,205.0,219.0,17c2d819d74b29e28192837af78e5e8b30264146276c4af878e7b136507a7bc2,Essential Cocktail Book,ess2017-photo-p218.webp,AMERICAN TRILOGY,2017.0,Exact recipe title verified on source recipe page; dedicated adjacent photo page confirmed; all contact sheets visually audited as cocktail photographs.,490.0
12294,A,images/essential_cocktail_book_2017/essential-2017__americano-perfecto__photo-p220.webp,741,americano-perfecto,220.0,207.0,221.0,9e4bab84bbce7a88a39ad6e39e2c15e0fe4077879a0fc15da54b086d4549c585,Essential Cocktail Book,ess2017-photo-p220.webp,AMERICANO PERFECTO,2017.0,Exact recipe title verified on source recipe page; dedicated adjacent photo page confirmed; all contact sheets visually audited as cocktail photographs.,490.0
21864,A,images/essential_cocktail_book_2017/essential-2017__angostura-colada__photo-p223.webp,741,angostura-colada,223.0,208.0,222.0,7e789887c9127f817aab55ce6f773ffb8560c96905589b8e721e165d1730f434,Essential Cocktail Book,ess2017-photo-p223.webp,ANGOSTURA COLADA,2017.0,Exact recipe title verified on source recipe page; dedicated adjacent photo page confirmed; all contact sheets visually audited as cocktail photographs.,490.0
21266,A,images/essential_cocktail_book_2017/essential-2017__archangel__photo-p224.webp,741,archangel,224.0,211.0,225.0,7bf10578ab6bf70c43f15b20a1770cf74fcf0f772011163d2a8aa6cbc14912b8,Essential Cocktail Book,ess2017-photo-p224.webp,ARCHANGEL,2017.0,Exact recipe title verified on source recipe page; dedicated adjacent photo page confirmed; all contact sheets visually audited as cocktail photographs.,490.0
17414,A,images/essential_cocktail_book_2017/essential-2017__barber-of-seville__photo-p227.webp,741,barber-of-seville,227.0,212.0,226.0,9d61db4e6463056d3b0b5b7cb14b10b73166fddd22fc7b30a66b69b46fa88a97,Essential Cocktail Book,ess2017-photo-p227.webp,BARBER OF SEVILLE,2017.0,Exact recipe title verified on source recipe page; dedicated adjacent photo page confirmed; all contact sheets visually audited as cocktail photographs.,490.0
22948,A,images/essential_cocktail_book_2017/essential-2017__benton-s-old-fashioned__photo-p229.webp,741,benton-s-old-fashioned,229.0,214.0,228.0,8254266e143e788f99f812fadbb6133d2e4b98022c4e89b4170c5e8a7994c2f4,Essential Cocktail Book,ess2017-photo-p229.webp,BENTON’S OLD-FASHIONED,2017.0,Exact recipe title verified on source recipe page; dedicated adjacent photo page confirmed; all contact sheets visually audited as cocktail photographs.,490.0
14704,A,images/essential_cocktail_book_2017/essential-2017__bitter-intentions__photo-p230.webp,741,bitter-intentions,230.0,217.0,231.0,33120bfa8baddc0d42cafd927d52d05860171c5b6e20730f483d7952876f17c5,Essential Cocktail Book,ess2017-photo-p230.webp,BITTER INTENTIONS,2017.0,Exact recipe title verified on source recipe page; dedicated adjacent photo page confirmed; all contact sheets visually audited as cocktail photographs.,490.0
19734,A,images/essential_cocktail_book_2017/essential-2017__bitter-mai-tai__photo-p233.webp,741,bitter-mai-tai,233.0,218.0,232.0,e51128988f59f2065e5923098567413b47b257a5e2ecfb6dd1234efa9ab946fb,Essential Cocktail Book,ess2017-photo-p233.webp,BITTER MAI TAI,2017.0,Exact recipe title verified on source recipe page; dedicated adjacent photo page confirmed; all contact sheets visually audited as cocktail photographs.,490.0
15328,A,images/essential_cocktail_book_2017/essential-2017__bitter-tom__photo-p234.webp,741,bitter-tom,234.0,221.0,235.0,5d3c1bfca4f34fab3e59d7dbc4834896705f9e63e8d25c6b562f136a6b99ecaf,Essential Cocktail Book,ess2017-photo-p234.webp,BITTER TOM,2017.0,Exact recipe title verified on source recipe page; dedicated adjacent photo page confirmed; all contact sheets visually audited as cocktail photographs.,490.0
12372,A,images/essential_cocktail_book_2017/essential-2017__boo-radley__photo-p236.webp,741,boo-radley,236.0,223.0,237.0,3a7e10c9e69af3002213245462f15981db335ef7528b59a58c5596d8495f16e7,Essential Cocktail Book,ess2017-photo-p236.webp,BOO RADLEY,2017.0,Exact recipe title verified on source recipe page; dedicated adjacent photo page confirmed; all contact sheets visually audited as cocktail photographs.,490.0
11396,A,images/essential_cocktail_book_2017/essential-2017__bramble__photo-p239.webp,741,bramble,239.0,224.0,238.0,87ead032916ce59d3454ea7129641a4d6b53eb24a4d915f8e450ca569a6e400a,Essential Cocktail Book,ess2017-photo-p239.webp,BRAMBLE,2017.0,Exact recipe title verified on source recipe page; dedicated adjacent photo page confirmed; all contact sheets visually audited as cocktail photographs.,490.0
16910,A,images/essential_cocktail_book_2017/essential-2017__brancolada__photo-p241.webp,741,brancolada,241.0,226.0,240.0,22bf9ba05d7db27aa1dbdca5bb5b2d2d108d97e011c7c69f9b9e17fc09d3f4a3,Essential Cocktail Book,ess2017-photo-p241.webp,BRANCOLADA,2017.0,Exact recipe title verified on source recipe page; dedicated adjacent photo page confirmed; all contact sheets visually audited as cocktail photographs.,490.0
10324,A,images/essential_cocktail_book_2017/essential-2017__campari-radler__photo-p242.webp,741,campari-radler,242.0,229.0,243.0,4e201bef582cf9059f2a783fe28eeb968e65252b4d6475a53ad356b3a986049d,Essential Cocktail Book,ess2017-photo-p242.webp,CAMPARI RADLER,2017.0,Exact recipe title verified on source recipe page; dedicated adjacent photo page confirmed; all contact sheets visually audited as cocktail photographs.,490.0
19498,A,images/essential_cocktail_book_2017/essential-2017__chartreuse-swizzle__photo-p245.webp,741,chartreuse-swizzle,245.0,230.0,244.0,44023a00039225d21cb1378bfcdcea66ad4857110a6975df29a6a00bbc3ddc34,Essential Cocktail Book,ess2017-photo-p245.webp,CHARTREUSE SWIZZLE,2017.0,Exact recipe title verified on source recipe page; dedicated adjacent photo page confirmed; all contact sheets visually audited as cocktail photographs.,490.0
13918,A,images/essential_cocktail_book_2017/essential-2017__cosmopolitan__photo-p246.webp,741,cosmopolitan,246.0,233.0,247.0,b79b2e5106b76a0951c7bf0b5a617b5277d1771e98ab8bfdb7c1b6bb7b15b511,Essential Cocktail Book,ess2017-photo-p246.webp,COSMOPOLITAN,2017.0,Exact recipe title verified on source recipe page; dedicated adjacent photo page confirmed; all contact sheets visually audited as cocktail photographs.,490.0
20074,A,images/essential_cocktail_book_2017/essential-2017__dorothy-s-delight__photo-p249.webp,741,dorothy-s-delight,249.0,234.0,248.0,3fc0aade836db737e0e23878399a20de73773c154ee78d9ac76487da6eee4d14,Essential Cocktail Book,ess2017-photo-p249.webp,DOROTHY’S DELIGHT,2017.0,Exact recipe title verified on source recipe page; dedicated adjacent photo page confirmed; all contact sheets visually audited as cocktail photographs.,490.0
20860,A,images/essential_cocktail_book_2017/essential-2017__filibuster__photo-p250.webp,741,filibuster,250.0,237.0,251.0,d51810cc0d7d741872ed219a778ffb082329844e78473647831b3247da639d23,Essential Cocktail Book,ess2017-photo-p250.webp,FILIBUSTER,2017.0,Exact recipe title verified on source recipe page; dedicated adjacent photo page confirmed; all contact sheets visually audited as cocktail photographs.,490.0
15078,A,images/essential_cocktail_book_2017/essential-2017__fitty-fitty-martini__photo-p253.webp,741,fitty-fitty-martini,253.0,238.0,252.0,3c0cf0060a9ff2007dd804b9f4af0cbb911433b743b84019374f698588531714,Essential Cocktail Book,ess2017-photo-p253.webp,FITTY-FITTY MARTINI,2017.0,Exact recipe title verified on source recipe page; dedicated adjacent photo page confirmed; all contact sheets visually audited as cocktail photographs.,490.0
11016,A,images/essential_cocktail_book_2017/essential-2017__flannel-shirt__photo-p254.webp,741,flannel-shirt,254.0,241.0,255.0,0b95571759c6f78d169e851e35cba4436c13ee96441b4e58bc37a9cec6696732,Essential Cocktail Book,ess2017-photo-p254.webp,FLANNEL SHIRT,2017.0,Exact recipe title verified on source recipe page; dedicated adjacent photo page confirmed; all contact sheets visually audited as cocktail photographs.,490.0
19190,A,images/essential_cocktail_book_2017/essential-2017__flatiron-martini__photo-p257.webp,741,flatiron-martini,257.0,242.0,256.0,b2f75dc5683e98a1b056a3d499a981fa9c50258b41cab1fdc0e9453656bf76e6,Essential Cocktail Book,ess2017-photo-p257.webp,FLATIRON MARTINI,2017.0,Exact recipe title verified on source recipe page; dedicated adjacent photo page confirmed; all contact sheets visually audited as cocktail photographs.,490.0
15550,A,images/essential_cocktail_book_2017/essential-2017__frozen-negroni__photo-p258.webp,741,frozen-negroni,258.0,245.0,259.0,142d1cd0e369a142a7369a0eccf5d4283dff8db48ffbcc50bf656ffb8e2ec7e9,Essential Cocktail Book,ess2017-photo-p258.webp,FROZEN NEGRONI,2017.0,Exact recipe title verified on source recipe page; dedicated adjacent photo page confirmed; all contact sheets visually audited as cocktail photographs.,490.0
24170,A,images/essential_cocktail_book_2017/essential-2017__gin-and-juice__photo-p261.webp,741,gin-and-juice,261.0,246.0,260.0,e1613d9b47bbe5ef7e732eb3cb073a3ddb44a0599225874dcaad5f4345a8369a,Essential Cocktail Book,ess2017-photo-p261.webp,GIN AND JUICE,2017.0,Exact recipe title verified on source recipe page; dedicated adjacent photo page confirmed; all contact sheets visually audited as cocktail photographs.,490.0
23130,A,images/essential_cocktail_book_2017/essential-2017__gin-blossom__photo-p262.webp,741,gin-blossom,262.0,249.0,263.0,2501857aca25756c8f939bdc2ee4e875744ba6a5be368b79c76ce1a9d725d304,Essential Cocktail Book,ess2017-photo-p262.webp,GIN BLOSSOM,2017.0,Exact recipe title verified on source recipe page; dedicated adjacent photo page confirmed; all contact sheets visually audited as cocktail photographs.,490.0
22754,A,images/essential_cocktail_book_2017/essential-2017__glasgow-mule__photo-p265.webp,741,glasgow-mule,265.0,250.0,264.0,0f7795aeda25b17df4c1230e7cce8ab4326d9341a0e093eba49fc3a1797ba413,Essential Cocktail Book,ess2017-photo-p265.webp,GLASGOW MULE,2017.0,Exact recipe title verified on source recipe page; dedicated adjacent photo page confirmed; all contact sheets visually audited as cocktail photographs.,490.0
12020,A,images/essential_cocktail_book_2017/essential-2017__go-to__photo-p267.webp,741,go-to,267.0,252.0,266.0,99aa61f35a5a001d62036c52fb3b45d5abaf60ff754b85316c7d39c3b824e228,Essential Cocktail Book,ess2017-photo-p267.webp,GO-TO,2017.0,Exact recipe title verified on source recipe page; dedicated adjacent photo page confirmed; all contact sheets visually audited as cocktail photographs.,490.0
17188,A,images/essential_cocktail_book_2017/essential-2017__heart-shaped-box__photo-p268.webp,741,heart-shaped-box,268.0,255.0,269.0,9995a2488691116d6b7e03beaec9610dd778917eda717c245d1c54e6ab40ff28,Essential Cocktail Book,ess2017-photo-p268.webp,HEART-SHAPED BOX,2017.0,Exact recipe title verified on source recipe page; dedicated adjacent photo page confirmed; all contact sheets visually audited as cocktail photographs.,490.0
21602,A,images/essential_cocktail_book_2017/essential-2017__hibiscus-punch-royale__photo-p271.webp,741,hibiscus-punch-royale,271.0,256.0,270.0,05f45d32cd40a3b44d752808faff6e7e06c70c6a960497b1fcd2761c2304395d,Essential Cocktail Book,ess2017-photo-p271.webp,HIBISCUS PUNCH ROYALE,2017.0,Exact recipe title verified on source recipe page; dedicated adjacent photo page confirmed; all contact sheets visually audited as cocktail photographs.,490.0
12254,A,images/essential_cocktail_book_2017/essential-2017__hop-over__photo-p272.webp,741,hop-over,272.0,259.0,273.0,8b17814ad306aaddacb8ebbc54e79f89e55cf8724603787051b69f76e0cc535d,Essential Cocktail Book,ess2017-photo-p272.webp,HOP OVER,2017.0,Exact recipe title verified on source recipe page; dedicated adjacent photo page confirmed; all contact sheets visually audited as cocktail photographs.,490.0
23264,A,images/essential_cocktail_book_2017/essential-2017__italian-buck__photo-p275.webp,741,italian-buck,275.0,260.0,274.0,db03943015e65a85b61e8e279662d795a2719bf3e00e2529719b4e39afe61f6f,Essential Cocktail Book,ess2017-photo-p275.webp,ITALIAN BUCK,2017.0,Exact recipe title verified on source recipe page; dedicated adjacent photo page confirmed; all contact sheets visually audited as cocktail photographs.,490.0
16176,A,images/essential_cocktail_book_2017/essential-2017__joggling-board__photo-p276.webp,741,joggling-board,276.0,263.0,277.0,2e3459738836a3088383615f4192dbc72c9c07c3df5f2a6f848f948eeb8bc326,Essential Cocktail Book,ess2017-photo-p276.webp,JOGGLING BOARD,2017.0,Exact recipe title verified on source recipe page; dedicated adjacent photo page confirmed; all contact sheets visually audited as cocktail photographs.,490.0
17672,A,images/essential_cocktail_book_2017/essential-2017__kentucky-buck__photo-p279.webp,741,kentucky-buck,279.0,264.0,278.0,038918303d8bd38be0a3a8e1822405db7a391f3a9a90d47134e05a56cec41856,Essential Cocktail Book,ess2017-photo-p279.webp,KENTUCKY BUCK,2017.0,Exact recipe title verified on source recipe page; dedicated adjacent photo page confirmed; all contact sheets visually audited as cocktail photographs.,490.0
11678,A,images/essential_cocktail_book_2017/essential-2017__la-bomba-daiquiri__photo-p280.webp,744,la-bomba-daiquiri,280.0,267.0,281.0,dec5e3b64d6fd42e80d1704b383afb51d71388a662b9dd01895a00005f179099,Essential Cocktail Book,ess2017-photo-p280.webp,LA BOMBA DAIQUIRI,2017.0,Exact recipe title verified on source recipe page; dedicated adjacent photo page confirmed; all contact sheets visually audited as cocktail photographs.,486.0
19138,A,images/essential_cocktail_book_2017/essential-2017__latin-trifecta__photo-p283.webp,741,latin-trifecta,283.0,268.0,282.0,a425f12235a48e6a486cf3f2ae15a331156badf5eadd43b73d982d5f1131f1d7,Essential Cocktail Book,ess2017-photo-p283.webp,LATIN TRIFECTA,2017.0,Exact recipe title verified on source recipe page; dedicated adjacent photo page confirmed; all contact sheets visually audited as cocktail photographs.,490.0
7274,A,images/essential_cocktail_book_2017/essential-2017__lefty-s-fizz__photo-p285.webp,741,lefty-s-fizz,285.0,270.0,284.0,9d71f4f443c9314d0cf7d4d0be89b398eff19e281d03bec9745033691c7ca2e2,Essential Cocktail Book,ess2017-photo-p285.webp,LEFTY’S FIZZ,2017.0,Exact recipe title verified on source recipe page; dedicated adjacent photo page confirmed; all contact sheets visually audited as cocktail photographs.,490.0
11962,A,images/essential_cocktail_book_2017/essential-2017__long-island-bar-gimlet__photo-p286.webp,741,long-island-bar-gimlet,286.0,273.0,287.0,e06306123fb67d7cecdf8a9bbc5df54d4a45fa0f1bae30d69acbf59cb6426ef5,Essential Cocktail Book,ess2017-photo-p286.webp,LONG ISLAND BAR GIMLET,2017.0,Exact recipe title verified on source recipe page; dedicated adjacent photo page confirmed; all contact sheets visually audited as cocktail photographs.,490.0
18972,A,images/essential_cocktail_book_2017/essential-2017__mexican-tricycle__photo-p289.webp,741,mexican-tricycle,289.0,274.0,288.0,597ca5eab6605e2482947d833791ad6c8bc0a3add3d1a469d2a13bf534cbb0fe,Essential Cocktail Book,ess2017-photo-p289.webp,MEXICAN TRICYCLE,2017.0,Exact recipe title verified on source recipe page; dedicated adjacent photo page confirmed; all contact sheets visually audited as cocktail photographs.,490.0
26694,A,images/essential_cocktail_book_2017/essential-2017__mott-and-mulberry__photo-p290.webp,741,mott-and-mulberry,290.0,277.0,291.0,6ab260994363e92c2768193eba01b8962da1b074a76cd45b026f408d56a882cf,Essential Cocktail Book,ess2017-photo-p290.webp,MOTT AND MULBERRY,2017.0,Exact recipe title verified on source recipe page; dedicated adjacent photo page confirmed; all contact sheets visually audited as cocktail photographs.,490.0
12698,A,images/essential_cocktail_book_2017/essential-2017__mountain-man__photo-p293.webp,741,mountain-man,293.0,278.0,292.0,74e20245eca369be4d31259df393181c8c18cc0523126fb21bc1d094073f994e,Essential Cocktail Book,ess2017-photo-p293.webp,MOUNTAIN MAN,2017.0,Exact recipe title verified on source recipe page; dedicated adjacent photo page confirmed; all contact sheets visually audited as cocktail photographs.,490.0
18370,A,images/essential_cocktail_book_2017/essential-2017__natoma-st__photo-p294.webp,741,natoma-st,294.0,281.0,295.0,e0856828a256d5e27b28ccee3c817398acce21a321ed57750e2dc87fb518c8c3,Essential Cocktail Book,ess2017-photo-p294.webp,NATOMA ST.,2017.0,Exact recipe title verified on source recipe page; dedicated adjacent photo page confirmed; all contact sheets visually audited as cocktail photographs.,490.0
17998,A,images/essential_cocktail_book_2017/essential-2017__oaxaca-old-fashioned__photo-p297.webp,741,oaxaca-old-fashioned,297.0,282.0,296.0,0f2ab5d8819437c42b466f72052119ab879e1c36425f81c6e8097c8d5d0fe134,Essential Cocktail Book,ess2017-photo-p297.webp,OAXACA OLD-FASHIONED,2017.0,Exact recipe title verified on source recipe page; dedicated adjacent photo page confirmed; all contact sheets visually audited as cocktail photographs.,490.0
26368,A,images/essential_cocktail_book_2017/essential-2017__old-hickory__photo-p298.webp,741,old-hickory,298.0,285.0,299.0,8283f6e8131575bcc51bff4229965f5c72270c6cf122bd405ab5ad6028fb2d75,Essential Cocktail Book,ess2017-photo-p298.webp,OLD HICKORY,2017.0,Exact recipe title verified on source recipe page; dedicated adjacent photo page confirmed; all contact sheets visually audited as cocktail photographs.,490.0
16062,A,images/essential_cocktail_book_2017/essential-2017__oxford-comma__photo-p301.webp,741,oxford-comma,301.0,286.0,300.0,88da8d60f7280995b9071a443eb1aac3cda85c85b7178141ec4f99f7ada70624,Essential Cocktail Book,ess2017-photo-p301.webp,OXFORD COMMA,2017.0,Exact recipe title verified on source recipe page; dedicated adjacent photo page confirmed; all contact sheets visually audited as cocktail photographs.,490.0
21380,A,images/essential_cocktail_book_2017/essential-2017__padang-swizzle__photo-p302.webp,741,padang-swizzle,302.0,289.0,303.0,7c312541a555a7db37f706c7750c5f49130dc3876107d97a9be45ece29441fdb,Essential Cocktail Book,ess2017-photo-p302.webp,PADANG SWIZZLE,2017.0,Exact recipe title verified on source recipe page; dedicated adjacent photo page confirmed; all contact sheets visually audited as cocktail photographs.,490.0
9214,A,images/essential_cocktail_book_2017/essential-2017__paper-plane__photo-p305.webp,741,paper-plane,305.0,290.0,304.0,91af9726ca281c4ea19ea9386aa2c59eae5c8eff3034911430da7c48ab6720d5,Essential Cocktail Book,ess2017-photo-p305.webp,PAPER PLANE,2017.0,Exact recipe title verified on source recipe page; dedicated adjacent photo page confirmed; all contact sheets visually audited as cocktail photographs.,490.0
17280,A,images/essential_cocktail_book_2017/essential-2017__parish-hall-punch__photo-p306.webp,741,parish-hall-punch,306.0,293.0,307.0,6f1c5bc96a1605468aeada7e5a0f963bb0581a158e3db4996a4d9456d3c14c21,Essential Cocktail Book,ess2017-photo-p306.webp,PARISH HALL PUNCH,2017.0,Exact recipe title verified on source recipe page; dedicated adjacent photo page confirmed; all contact sheets visually audited as cocktail photographs.,490.0
14520,A,images/essential_cocktail_book_2017/essential-2017__penicillin__photo-p309.webp,741,penicillin,309.0,294.0,308.0,c1e0311c994488f0e7ac3f6bdbf47f384d529e3576842497eb3da81708301282,Essential Cocktail Book,ess2017-photo-p309.webp,PENICILLIN,2017.0,Exact recipe title verified on source recipe page; dedicated adjacent photo page confirmed; all contact sheets visually audited as cocktail photographs.,490.0
13586,A,images/essential_cocktail_book_2017/essential-2017__pina-verde__photo-p310.webp,741,pina-verde,310.0,297.0,311.0,21bafd52fbf1ed74e5934c8cf356fb3336a3a2c5c4617148b7efd5603659fbca,Essential Cocktail Book,ess2017-photo-p310.webp,PINA VERDE,2017.0,Exact recipe title verified on source recipe page; dedicated adjacent photo page confirmed; all contact sheets visually audited as cocktail photographs.,490.0
15332,A,images/essential_cocktail_book_2017/essential-2017__pompelmo-sour__photo-p312.webp,741,pompelmo-sour,312.0,299.0,313.0,a95952e588d9f96271b1056c67db92550522c616563f388879b9c6974ee3e621,Essential Cocktail Book,ess2017-photo-p312.webp,POMPELMO SOUR,2017.0,Exact recipe title verified on source recipe page; dedicated adjacent photo page confirmed; all contact sheets visually audited as cocktail photographs.,490.0
20710,A,images/essential_cocktail_book_2017/essential-2017__poppa-s-pride__photo-p315.webp,741,poppa-s-pride,315.0,300.0,314.0,a5cb421f175a6bd356c66db7c16a2a3f40269bcdb0e9bac73e9d8c609ed21d69,Essential Cocktail Book,ess2017-photo-p315.webp,POPPA’S PRIDE,2017.0,Exact recipe title verified on source recipe page; dedicated adjacent photo page confirmed; all contact sheets visually audited as cocktail photographs.,490.0
15822,A,images/essential_cocktail_book_2017/essential-2017__red-hook__photo-p316.webp,741,red-hook,316.0,303.0,317.0,60afb88eb8d48e188ce5f2f2a3ff41437992aecb901853c7f7df3d9285319e11,Essential Cocktail Book,ess2017-photo-p316.webp,RED HOOK,2017.0,Exact recipe title verified on source recipe page; dedicated adjacent photo page confirmed; all contact sheets visually audited as cocktail photographs.,490.0
15304,A,images/essential_cocktail_book_2017/essential-2017__revolver__photo-p319.webp,741,revolver,319.0,304.0,318.0,c9d9f30eee03abca868088c98d5d04992d840cd7b78488be5219655dff5fbd24,Essential Cocktail Book,ess2017-photo-p319.webp,REVOLVER,2017.0,Exact recipe title verified on source recipe page; dedicated adjacent photo page confirmed; all contact sheets visually audited as cocktail photographs.,490.0
17290,A,images/essential_cocktail_book_2017/essential-2017__rhythm-and-soul__photo-p320.webp,741,rhythm-and-soul,320.0,307.0,321.0,02db6a322dfe7845952e2fd6931126a23fa9b2d0ff170a02ea96bb1f0941e22c,Essential Cocktail Book,ess2017-photo-p320.webp,RHYTHM AND SOUL,2017.0,Exact recipe title verified on source recipe page; dedicated adjacent photo page confirmed; all contact sheets visually audited as cocktail photographs.,490.0
13276,A,images/essential_cocktail_book_2017/essential-2017__rome-with-a-view__photo-p322.webp,741,rome-with-a-view,322.0,309.0,323.0,ba95a9a4327828630f043211279f5c2970121cb447061ca28244755d415f31b6,Essential Cocktail Book,ess2017-photo-p322.webp,ROME WITH A VIEW,2017.0,Exact recipe title verified on source recipe page; dedicated adjacent photo page confirmed; all contact sheets visually audited as cocktail photographs.,490.0
15146,A,images/essential_cocktail_book_2017/essential-2017__royal-pimm-s-cup__photo-p325.webp,741,royal-pimm-s-cup,325.0,310.0,324.0,36e3000882977bf9482494fcda7b5d8c0f314e49dca28ca2b65eb813b624b752,Essential Cocktail Book,ess2017-photo-p325.webp,ROYAL PIMM’S CUP,2017.0,Exact recipe title verified on source recipe page; dedicated adjacent photo page confirmed; all contact sheets visually audited as cocktail photographs.,490.0
15328,A,images/essential_cocktail_book_2017/essential-2017__sakura-martini__photo-p326.webp,741,sakura-martini,326.0,313.0,327.0,6a191c2815943a64dbbe09240a7783c79db74eb5ce2d2066bdc44eda232ba4ab,Essential Cocktail Book,ess2017-photo-p326.webp,SAKURA MARTINI,2017.0,Exact recipe title verified on source recipe page; dedicated adjacent photo page confirmed; all contact sheets visually audited as cocktail photographs.,490.0
10944,A,images/essential_cocktail_book_2017/essential-2017__second-serve__photo-p329.webp,741,second-serve,329.0,314.0,328.0,9d890c9f1abd7ca1fb3edf2ac97e93ea926276adff06917645e0c4369d2c2270,Essential Cocktail Book,ess2017-photo-p329.webp,SECOND SERVE,2017.0,Exact recipe title verified on source recipe page; dedicated adjacent photo page confirmed; all contact sheets visually audited as cocktail photographs.,490.0
14412,A,images/essential_cocktail_book_2017/essential-2017__show-me-state__photo-p330.webp,741,show-me-state,330.0,317.0,331.0,986488f793065613d14dd2affd2f0a78c8dc8bb01e8a978005ced38f4da89b83,Essential Cocktail Book,ess2017-photo-p330.webp,SHOW ME STATE,2017.0,Exact recipe title verified on source recipe page; dedicated adjacent photo page confirmed; all contact sheets visually audited as cocktail photographs.,490.0
29410,A,images/essential_cocktail_book_2017/essential-2017__suppressor-1__photo-p332.webp,733,suppressor-1,332.0,319.0,333.0,bc00838f31e451e7f7d9bf9af0ff722da3908c70aa1f9b7ed6f0cc2efb471213,Essential Cocktail Book,ess2017-photo-p332.webp,SUPPRESSOR #1,2017.0,Exact recipe title verified on source recipe page; dedicated adjacent photo page confirmed; all contact sheets visually audited as cocktail photographs.,465.0
17102,A,images/essential_cocktail_book_2017/essential-2017__tokyo-drift__photo-p335.webp,741,tokyo-drift,335.0,320.0,334.0,3a2fe96c20b9fc50eb17e8785b48df9f6fe0b9f3cbaa653162dd15d198b4e30b,Essential Cocktail Book,ess2017-photo-p335.webp,TOKYO DRIFT,2017.0,Exact recipe title verified on source recipe page; dedicated adjacent photo page confirmed; all contact sheets visually audited as cocktail photographs.,490.0
22852,A,images/essential_cocktail_book_2017/essential-2017__trident__photo-p336.webp,741,trident,336.0,323.0,337.0,fc60590d3e479ce19e620e28634b6e0ca72e1f2f4c09a67c532782baf00ba1f5,Essential Cocktail Book,ess2017-photo-p336.webp,TRIDENT,2017.0,Exact recipe title verified on source recipe page; dedicated adjacent photo page confirmed; all contact sheets visually audited as cocktail photographs.,490.0
16370,A,images/essential_cocktail_book_2017/essential-2017__weathered-axe__photo-p339.webp,741,weathered-axe,339.0,324.0,338.0,9cea53f7b2f3c710b6b08d57611a27780095843622a8e29f36af43f46160946e,Essential Cocktail Book,ess2017-photo-p339.webp,WEATHERED AXE,2017.0,Exact recipe title verified on source recipe page; dedicated adjacent photo page confirmed; all contact sheets visually audited as cocktail photographs.,490.0
13288,A,images/essential_cocktail_book_2017/essential-2017__white-negroni__photo-p340.webp,741,white-negroni,340.0,327.0,341.0,bceb2a33653222e0fb54fe4825a89f42375607ffcfcb1760632ed820ce1a28a9,Essential Cocktail Book,ess2017-photo-p340.webp,WHITE NEGRONI,2017.0,Exact recipe title verified on source recipe page; dedicated adjacent photo page confirmed; all contact sheets visually audited as cocktail photographs.,490.0
16702,A,images/essential_cocktail_book_2017/essential-2017__white-negroni-sbagliato__photo-p343.webp,741,white-negroni-sbagliato,343.0,328.0,342.0,85736a412feab399aafd3e9abfdf8f14b29c1667f5e2874d99acc830427f2e10,Essential Cocktail Book,ess2017-photo-p343.webp,WHITE NEGRONI SBAGLIATO,2017.0,Exact recipe title verified on source recipe page; dedicated adjacent photo page confirmed; all contact sheets visually audited as cocktail photographs.,490.0
11614,A,images/essential_cocktail_book_2017/essential-2017__white-russian__photo-p344.webp,741,white-russian,344.0,331.0,345.0,0ac2b082caa22c5da1625cd2b5d31d94b1cf774676386bbe2e806b39010aafbc,Essential Cocktail Book,ess2017-photo-p344.webp,WHITE RUSSIAN,2017.0,Exact recipe title verified on source recipe page; dedicated adjacent photo page confirmed; all contact sheets visually audited as cocktail photographs.,490.0
17746,A,images/essential_cocktails_2021/essential-2021__daiquiri-mulata__p013.webp,478,daiquiri-mulata,13.0,,13.0,93b6220a4d7f43090686ee865a9663dfc733bb199b61453519400efc7de4e129,Essential Cocktails 2021,ryan2021-daiquiri-mulata-p013.webp,Daiquiri Mulata,2021.0,Exact recipe title verified on the same PDF page and standalone embedded image visually confirmed as a cocktail photograph.,417.0
47906,A,images/essential_cocktails_2021/essential-2021__daiquiri-strawberry__p015.webp,1400,daiquiri-strawberry,15.0,,15.0,fa5df36875a4375ee9e8f46fea5dfb65f8e00a087a5bda323000b9487238a002,Essential Cocktails 2021,ryan2021-daiquiri-strawberry-p015.webp,Daiquiri Strawberry,2021.0,Exact recipe title verified on the same PDF page and standalone embedded image visually confirmed as a cocktail photograph.,1092.0
11852,A,images/essential_cocktails_2021/essential-2021__daiquiri-classic__p017.webp,305,daiquiri-classic,17.0,,17.0,c6a6ab425b254ebaf9e241f4b8d24073163823a357138c155c7e71d48ec44673,Essential Cocktails 2021,ryan2021-daiquiri-classic-p017.webp,Daiquiri Classic,2021.0,Exact recipe title verified on the same PDF page and standalone embedded image visually confirmed as a cocktail photograph.,410.0
24606,A,images/essential_cocktails_2021/essential-2021__cosmopolitan__p019.webp,753,cosmopolitan,19.0,,19.0,26081ad928d4a811a6b99fd1b79b3d2b195db76736792cc729e0f9fec7861de3,Essential Cocktails 2021,ryan2021-cosmopolitan-p019.webp,Cosmopolitan,2021.0,Exact recipe title verified on the same PDF page and standalone embedded image visually confirmed as a cocktail photograph.,722.0
19128,A,images/essential_cocktails_2021/essential-2021__mojito-classic__p020.webp,545,mojito-classic,20.0,,20.0,3af72651848daec1a726099cde83f9eb2bbe85469aad189a788684ee632608e2,Essential Cocktails 2021,ryan2021-mojito-classic-p020.webp,Mojito Classic,2021.0,Exact recipe title verified on the same PDF page and standalone embedded image visually confirmed as a cocktail photograph.,393.0
29820,A,images/essential_cocktails_2021/essential-2021__mojito-a-mi-manera__p022.webp,439,mojito-a-mi-manera,22.0,,22.0,4fbf209fe041020882ad3354bc303668b68500c591546cf8e69d873133e393ca,Essential Cocktails 2021,ryan2021-mojito-a-mi-manera-p022.webp,Mojito A Mi Manera,2021.0,Exact recipe title verified on the same PDF page and standalone embedded image visually confirmed as a cocktail photograph.,325.0
19884,A,images/essential_cocktails_2021/essential-2021__mojito-basic__p024.webp,514,mojito-basic,24.0,,24.0,66658dc7ea5d38bc2d0bf4ff13502b2655c9dfee20f3bbef9e055e27a1b55a10,Essential Cocktails 2021,ryan2021-mojito-basic-p024.webp,Mojito Basic,2021.0,Exact recipe title verified on the same PDF page and standalone embedded image visually confirmed as a cocktail photograph.,418.0
29170,A,images/essential_cocktails_2021/essential-2021__mojito-tequila__p026.webp,598,mojito-tequila,26.0,,26.0,13a50e35cfc5e2e76970ed7624222a793ae652b1b9aca2be670fbd0e8e9d5ca8,Essential Cocktails 2021,ryan2021-mojito-tequila-p026.webp,Mojito Tequila,2021.0,Exact recipe title verified on the same PDF page and standalone embedded image visually confirmed as a cocktail photograph.,726.0
7214,A,images/essential_cocktails_2021/essential-2021__christmas-mojito__p027.webp,403,christmas-mojito,27.0,,27.0,9b5ff2fbbde47f7e7503e8ef62de8f953555d562d65f4771e6e93848818d81c8,Essential Cocktails 2021,ryan2021-christmas-mojito-p027.webp,Christmas Mojito,2021.0,Exact recipe title verified on the same PDF page and standalone embedded image visually confirmed as a cocktail photograph.,602.0
21298,A,images/essential_cocktails_2021/essential-2021__pomegranate-mojito__p028.webp,559,pomegranate-mojito,28.0,,28.0,917b904ae9b2b34e294606733aa40fe0dc267a910dc8cc0c0d74a248af5aff6a,Essential Cocktails 2021,ryan2021-pomegranate-mojito-p028.webp,Pomegranate Mojito,2021.0,Exact recipe title verified on the same PDF page and standalone embedded image visually confirmed as a cocktail photograph.,516.0
17470,A,images/essential_cocktails_2021/essential-2021__el-diablo__p030.webp,546,el-diablo,30.0,,30.0,90ec6dbbc02f69c450f63acea2f6ccdf7bbd9736f204af8244264cf9988b9989,Essential Cocktails 2021,ryan2021-el-diablo-p030.webp,El Diablo,2021.0,Exact recipe title verified on the same PDF page and standalone embedded image visually confirmed as a cocktail photograph.,418.0
20558,A,images/essential_cocktails_2021/essential-2021__zombie__p031.webp,535,zombie,31.0,,31.0,f6d156718234bb45832514a76aa54f2f72ed9eeefcf7901a9322b3fc21dfc9ca,Essential Cocktails 2021,ryan2021-zombie-p031.webp,Zombie,2021.0,Exact recipe title verified on the same PDF page and standalone embedded image visually confirmed as a cocktail photograph.,394.0
7986,A,images/essential_cocktails_2021/essential-2021__tom-collins-classic__p033.webp,507,tom-collins-classic,33.0,,33.0,7a477c7ff61c7a9ec328d0288bd5c415809ea076637c500b898117048736a60b,Essential Cocktails 2021,ryan2021-tom-collins-classic-p033.webp,Tom Collins Classic,2021.0,Exact recipe title verified on the same PDF page and standalone embedded image visually confirmed as a cocktail photograph.,535.0
26678,A,images/essential_cocktails_2021/essential-2021__pina-colada__p035.webp,548,pina-colada,35.0,,35.0,f8e1f47d9520d127c497d3a042c64a9067fbc5da49a08c84795aeb9117472200,Essential Cocktails 2021,ryan2021-pi-a-colada-p035.webp,Piña Colada,2021.0,Exact recipe title verified on the same PDF page and standalone embedded image visually confirmed as a cocktail photograph.,416.0
35336,A,images/essential_cocktails_2021/essential-2021__mai-tai__p037.webp,1233,mai-tai,37.0,,37.0,86c49890442910614f0bade08e6636604a7358aa2b7066e38263fb5b851e36eb,Essential Cocktails 2021,ryan2021-mai-tai-p037.webp,Mai Tai,2021.0,Exact recipe title verified on the same PDF page and standalone embedded image visually confirmed as a cocktail photograph.,964.0
15540,A,images/essential_cocktails_2021/essential-2021__bloody-maria__p039.webp,289,bloody-maria,39.0,,39.0,f50a63845c4814898a87e39281fd1b0d73f6db947cff5800f19aa36574e4e9da,Essential Cocktails 2021,ryan2021-bloody-maria-p039.webp,Bloody Maria,2021.0,Exact recipe title verified on the same PDF page and standalone embedded image visually confirmed as a cocktail photograph.,408.0
23604,A,images/essential_cocktails_2021/essential-2021__manhattan-classic__p040.webp,897,manhattan-classic,40.0,,40.0,418d2b768d97d6bdd591a8ecfa902e2284ab66075d92d29814f2d69ea6391842,Essential Cocktails 2021,ryan2021-manhattan-classic-p040.webp,Manhattan Classic,2021.0,Exact recipe title verified on the same PDF page and standalone embedded image visually confirmed as a cocktail photograph.,753.0
13844,A,images/essential_cocktails_2021/essential-2021__margarita-classic__p046.webp,509,margarita-classic,46.0,,46.0,458613d0b4b1903279b3be59b06084d6b2be4b08e581a34646c5c745d48ac80c,Essential Cocktails 2021,ryan2021-margarita-classic-p046.webp,Margarita Classic,2021.0,Exact recipe title verified on the same PDF page and standalone embedded image visually confirmed as a cocktail photograph.,514.0
13764,A,images/essential_cocktails_2021/essential-2021__old-fashioned__p054.webp,462,old-fashioned,54.0,,54.0,f1f4bf1aa148836dc69cde57c65fa44eb568d784a9aed08a9d24e4ac06f2bd1a,Essential Cocktails 2021,ryan2021-old-fashioned-p054.webp,Old Fashioned,2021.0,Exact recipe title verified on the same PDF page and standalone embedded image visually confirmed as a cocktail photograph.,446.0
23568,A,images/essential_cocktails_2021/essential-2021__tequila-sunrise__p057.webp,507,tequila-sunrise,57.0,,57.0,e16eb8df9be7952e9df683c5ca8dca37aeb4b51d986b2265ef87611a4a0e34e9,Essential Cocktails 2021,ryan2021-tequila-sunrise-p057.webp,Tequila Sunrise,2021.0,Exact recipe title verified on the same PDF page and standalone embedded image visually confirmed as a cocktail photograph.,377.0
39648,A,images/essential_cocktails_2021/essential-2021__eggnog__p061.webp,966,eggnog,61.0,,61.0,5f3371040e9ee1a71b293abb155319e98fc2678ebb155c26b82f480b7bc4d61f,Essential Cocktails 2021,ryan2021-eggnog-p061.webp,Eggnog,2021.0,Exact recipe title verified on the same PDF page and standalone embedded image visually confirmed as a cocktail photograph.,1003.0
47758,A,images/essential_cocktails_2021/essential-2021__apricot-mulled-wine__p063.webp,1020,apricot-mulled-wine,63.0,,63.0,97ff65070daa4d925dd73a8fbecb3e82b1cecffd44a11fcf27910608e28edb1c,Essential Cocktails 2021,ryan2021-apricot-mulled-wine-p063.webp,Apricot Mulled Wine,2021.0,Exact recipe title verified on the same PDF page and standalone embedded image visually confirmed as a cocktail photograph.,1015.0
70652,A,images/essential_cocktails_2021/essential-2021__autumn-punch__p065.webp,994,autumn-punch,65.0,,65.0,4c282cce82bea39d2226e6efe61310c97067919ed4579cdde0fbe5c73178494b,Essential Cocktails 2021,ryan2021-autumn-punch-p065.webp,Autumn Punch,2021.0,Exact recipe title verified on the same PDF page and standalone embedded image visually confirmed as a cocktail photograph.,1205.0
62472,A,images/essential_cocktails_2021/essential-2021__banana-rum-punch__p067.webp,1275,banana-rum-punch,67.0,,67.0,0562de342ac639661b080384a7f6d1d9d07bdcb7b01b7122b7d4d6ad3ce79acf,Essential Cocktails 2021,ryan2021-banana-rum-punch-p067.webp,Banana Rum Punch,2021.0,Exact recipe title verified on the same PDF page and standalone embedded image visually confirmed as a cocktail photograph.,1005.0
18440,A,images/essential_cocktails_2021/essential-2021__christmas-eve-chocolate__p069.webp,696,christmas-eve-chocolate,69.0,,69.0,9ca03ae7a26fcee018888a605eb6b0f0d90722253fea0c81570276a10b6b2735,Essential Cocktails 2021,ryan2021-christmas-eve-chocolate-p069.webp,Christmas Eve Chocolate,2021.0,Exact recipe title verified on the same PDF page and standalone embedded image visually confirmed as a cocktail photograph.,531.0
13010,A,images/essential_cocktails_2021/essential-2021__coffee-cocktail__p070.webp,977,coffee-cocktail,70.0,,70.0,c16508b3e9159af57eedaf15ae3c3d988e0c70b4800f8a7344b89c09b9c6c123,Essential Cocktails 2021,ryan2021-coffee-cocktail-p070.webp,Coffee Cocktail,2021.0,Exact recipe title verified on the same PDF page and standalone embedded image visually confirmed as a cocktail photograph.,545.0
15692,A,images/essential_cocktails_2021/essential-2021__hot-buttered-faux-rum__p071.webp,493,hot-buttered-faux-rum,71.0,,71.0,117c89f27839f0d4c11ebd5ae5590a2168cd18e5686e4462edc251bda0716334,Essential Cocktails 2021,ryan2021-hot-buttered-faux-rum-p071.webp,Hot Buttered Faux Rum,2021.0,Exact recipe title verified on the same PDF page and standalone embedded image visually confirmed as a cocktail photograph.,566.0
33568,A,images/essential_cocktails_2021/essential-2021__maraschino-muddle__p073.webp,800,maraschino-muddle,73.0,,73.0,8a5254cc528a7fe452ec1d20a86c030093ac42ee865a990398691c1b5923dc57,Essential Cocktails 2021,ryan2021-maraschino-muddle-p073.webp,Maraschino Muddle,2021.0,Exact recipe title verified on the same PDF page and standalone embedded image visually confirmed as a cocktail photograph.,635.0
57186,A,images/essential_cocktails_2021/essential-2021__mint-julep__p075.webp,1186,mint-julep,75.0,,75.0,6b22491a313f054f2d472b9bf6ea5a85948171ea9bb374566c9aedfce754ad17,Essential Cocktails 2021,ryan2021-mint-julep-p075.webp,Mint Julep,2021.0,Exact recipe title verified on the same PDF page and standalone embedded image visually confirmed as a cocktail photograph.,1005.0
5494,A,images/hollywood_cocktails/hollywood__sunday-morning-coming-down__p013.webp,231,sunday-morning-coming-down,13.0,9.0,13.0,5033947fa270082eef42f0749ea83ba4c02bb42dc7909b872fe6b5181632d8af,Hollywood Cocktails,hollywood__sunday-morning-coming-down__p013.webp,Sunday Morning Coming Down,2020.0,Exact recipe title and cocktail photograph verified on the same source page; crop visually audited in strict contact-sheet review.,
7106,A,images/hollywood_cocktails/hollywood__sex-on-the-beach__p014.webp,446,sex-on-the-beach,14.0,10.0,14.0,d402123cf428ac8c214c40e287be3e54a106791cc1176005e0f8aa99ac29440b,Hollywood Cocktails,hollywood__sex-on-the-beach__p014.webp,Sex on the Beach,2020.0,Exact recipe title and cocktail photograph verified on the same source page; crop visually audited in strict contact-sheet review.,
3338,A,images/hollywood_cocktails/hollywood__everybody-s-girl__p017.webp,285,everybody-s-girl,17.0,13.0,17.0,c9d9efe40d87fc44255aabcb03d713103f317653212b3204885b12365812138d,Hollywood Cocktails,hollywood__everybody-s-girl__p017.webp,Everybody's Girl,2020.0,Exact recipe title and cocktail photograph verified on the same source page; crop visually audited in strict contact-sheet review.,
5724,A,images/hollywood_cocktails/hollywood__mimosa__p022.webp,402,mimosa,22.0,18.0,22.0,b36611a6213013222baa97bd97b1acdecfcbf1d491035712de609b014279aa2c,Hollywood Cocktails,hollywood__mimosa__p022.webp,Mimosa,2020.0,Exact recipe title and cocktail photograph verified on the same source page; crop visually audited in strict contact-sheet review.,
6314,A,images/hollywood_cocktails/hollywood__the-moontower__p025.webp,317,the-moontower,25.0,21.0,25.0,84c6b45f713c9b106f1d2404cd244ed1900b04a971c18c5d49f0911d6d83577f,Hollywood Cocktails,hollywood__the-moontower__p025.webp,The Moontower,2020.0,Exact recipe title and cocktail photograph verified on the same source page; crop visually audited in strict contact-sheet review.,
3876,A,images/hollywood_cocktails/hollywood__room-with-a-view__p026.webp,266,room-with-a-view,26.0,22.0,26.0,4cd1a260bce76b97ab6eb6d85fe27aec5903ea01a1d86e7f9aa3baf8e074f619,Hollywood Cocktails,hollywood__room-with-a-view__p026.webp,Room with a View,2020.0,Exact recipe title and cocktail photograph verified on the same source page; crop visually audited in strict contact-sheet review.,
4770,A,images/hollywood_cocktails/hollywood__thunder-punch__p029.webp,277,thunder-punch,29.0,25.0,29.0,15d78d6244b68582de4c2fe28fe15a829235b3ad13f45d2497d29dc37135734e,Hollywood Cocktails,hollywood__thunder-punch__p029.webp,Thunder Punch,2020.0,Exact recipe title and cocktail photograph verified on the same source page; crop visually audited in strict contact-sheet review.,
7230,A,images/hollywood_cocktails/hollywood__the-slammer__p030.webp,201,the-slammer,30.0,26.0,30.0,2f142875dff666e3b9205fb5992febc0cfeb8a082fe4082354000519de962f01,Hollywood Cocktails,hollywood__the-slammer__p030.webp,The Slammer,2020.0,Exact recipe title and cocktail photograph verified on the same source page; crop visually audited in strict contact-sheet review.,
4078,A,images/hollywood_cocktails/hollywood__dirty-martini__p033.webp,297,dirty-martini,33.0,29.0,33.0,538a02ccec44dea0d7b355d7009b3c77d65d3c3726aacf9c7f48f62f3e796ae5,Hollywood Cocktails,hollywood__dirty-martini__p033.webp,Dirty Martini,2020.0,Exact recipe title and cocktail photograph verified on the same source page; crop visually audited in strict contact-sheet review.,
3954,A,images/hollywood_cocktails/hollywood__sakura-martini__p034.webp,307,sakura-martini,34.0,30.0,34.0,76fbe0b70e897b1797b1d0c8b41388bd4a81585da1a89f6d215b1480a7ce1399,Hollywood Cocktails,hollywood__sakura-martini__p034.webp,Sakura Martini,2020.0,Exact recipe title and cocktail photograph verified on the same source page; crop visually audited in strict contact-sheet review.,
7190,A,images/hollywood_cocktails/hollywood__french-negroni__p038.webp,292,french-negroni,38.0,34.0,38.0,bfa73f1319dccd809e3d74d9ebfd55cb57837eda950508e206f7b81afac928c4,Hollywood Cocktails,hollywood__french-negroni__p038.webp,French Negroni,2020.0,Exact recipe title and cocktail photograph verified on the same source page; crop visually audited in strict contact-sheet review.,
6356,A,images/hollywood_cocktails/hollywood__rose-water-sour__p041.webp,323,rose-water-sour,41.0,37.0,41.0,c6c62209bc345438f467cabf0ae7e1589431687ad9adaf8f13df0ae73e620dd5,Hollywood Cocktails,hollywood__rose-water-sour__p041.webp,Rose Water Sour,2020.0,Exact recipe title and cocktail photograph verified on the same source page; crop visually audited in strict contact-sheet review.,
4390,A,images/hollywood_cocktails/hollywood__old-timer__p042.webp,248,old-timer,42.0,38.0,42.0,c715936bc138a471370994de4c5638415142cb12b580001fba0fb212080151bc,Hollywood Cocktails,hollywood__old-timer__p042.webp,Old Timer,2020.0,Exact recipe title and cocktail photograph verified on the same source page; crop visually audited in strict contact-sheet review.,
8240,A,images/hollywood_cocktails/hollywood__sazerac__p045.webp,240,sazerac,45.0,41.0,45.0,266fa99069643f0cbb72515aaadddf32c9ae1d9574b47ee8a511ff431b8e9490,Hollywood Cocktails,hollywood__sazerac__p045.webp,Sazerac,2020.0,Exact recipe title and cocktail photograph verified on the same source page; crop visually audited in strict contact-sheet review.,
5046,A,images/hollywood_cocktails/hollywood__scotch-and-salt__p049.webp,208,scotch-and-salt,49.0,45.0,49.0,155ff102fd04bccb484e608773b8848b1d99bf85b37d28416a1e8c8ccacfb714,Hollywood Cocktails,hollywood__scotch-and-salt__p049.webp,Scotch and Salt,2020.0,Exact recipe title and cocktail photograph verified on the same source page; crop visually audited in strict contact-sheet review.,
4494,A,images/hollywood_cocktails/hollywood__the-high-roller__p050.webp,228,the-high-roller,50.0,46.0,50.0,01423737a2eb13225d01eeefe0e300432972930624fd97ddf8556dfbf2ee8198,Hollywood Cocktails,hollywood__the-high-roller__p050.webp,The High Roller,2020.0,Exact recipe title and cocktail photograph verified on the same source page; crop visually audited in strict contact-sheet review.,
5672,A,images/hollywood_cocktails/hollywood__the-dirty-spy__p053.webp,316,the-dirty-spy,53.0,49.0,53.0,a1e4b2feb5ba17a93a51dc9fb6716148623ff136eeb06c22e53275cda0015979,Hollywood Cocktails,hollywood__the-dirty-spy__p053.webp,The Dirty Spy,2020.0,Exact recipe title and cocktail photograph verified on the same source page; crop visually audited in strict contact-sheet review.,
5352,A,images/hollywood_cocktails/hollywood__cards-on-the-table__p054.webp,243,cards-on-the-table,54.0,50.0,54.0,67636e39bef671d18c2113feb56ac9116295a48e2a02a9e0e2076166b5197436,Hollywood Cocktails,hollywood__cards-on-the-table__p054.webp,Cards on the Table,2020.0,Exact recipe title and cocktail photograph verified on the same source page; crop visually audited in strict contact-sheet review.,
7586,A,images/hollywood_cocktails/hollywood__rusty-nail__p061.webp,242,rusty-nail,61.0,57.0,61.0,19f7222285788652d6d1264cfaad189ac89353ad6b53f8e2ff1f3598a1c5d45d,Hollywood Cocktails,hollywood__rusty-nail__p061.webp,Rusty Nail,2020.0,Exact recipe title and cocktail photograph verified on the same source page; crop visually audited in strict contact-sheet review.,
6104,A,images/hollywood_cocktails/hollywood__vodka-blush__p062.webp,369,vodka-blush,62.0,58.0,62.0,93988964d9112c31b70db42c72358fdd98ab8bb8d49313681d5384aad68f8e95,Hollywood Cocktails,hollywood__vodka-blush__p062.webp,Vodka Blush,2020.0,Exact recipe title and cocktail photograph verified on the same source page; crop visually audited in strict contact-sheet review.,
7098,A,images/hollywood_cocktails/hollywood__gibson__p065.webp,282,gibson,65.0,61.0,65.0,b1b681a38a65de338eef52a417ba6c340fe1e3e26a3063a4b02a706c96ed5058,Hollywood Cocktails,hollywood__gibson__p065.webp,Gibson,2020.0,Exact recipe title and cocktail photograph verified on the same source page; crop visually audited in strict contact-sheet review.,
6040,A,images/hollywood_cocktails/hollywood__tom-and-jerry__p069.webp,337,tom-and-jerry,69.0,65.0,69.0,d7c36e14b2cded17a8caa10bd1dfcd05b7a7fad99d81e81124f32fc50a4d708a,Hollywood Cocktails,hollywood__tom-and-jerry__p069.webp,Tom & Jerry,2020.0,Exact recipe title and cocktail photograph verified on the same source page; crop visually audited in strict contact-sheet review.,
5418,A,images/hollywood_cocktails/hollywood__true-romance__p070.webp,200,true-romance,70.0,66.0,70.0,3681fdeba1f1a572fe5526e33d2b9908510374ff06c1a1344618c0eda07ee40a,Hollywood Cocktails,hollywood__true-romance__p070.webp,True Romance,2020.0,Exact recipe title and cocktail photograph verified on the same source page; crop visually audited in strict contact-sheet review.,
4360,A,images/hollywood_cocktails/hollywood__the-godfather__p073.webp,191,the-godfather,73.0,69.0,73.0,0c2a2c99dad4bb242fb6c73df60806b2dfd93bd2c56c802575e06c5edca1b7a3,Hollywood Cocktails,hollywood__the-godfather__p073.webp,The Godfather,2020.0,Exact recipe title and cocktail photograph verified on the same source page; crop visually audited in strict contact-sheet review.,
11112,A,images/hollywood_cocktails/hollywood__lady-day__p074.webp,199,lady-day,74.0,70.0,74.0,757c84183658bdd0aa7ddbdb9b44769e6e87be9382235eb3db4d82d7799e31bd,Hollywood Cocktails,hollywood__lady-day__p074.webp,Lady Day,2020.0,Exact recipe title and cocktail photograph verified on the same source page; crop visually audited in strict contact-sheet review.,
8618,A,images/hollywood_cocktails/hollywood__manhattan-sour__p077.webp,258,manhattan-sour,77.0,73.0,77.0,4bd65115af693da75a1dafb55bc8e7eb0b4f7ed05d2226efb7bce6ef247e5256,Hollywood Cocktails,hollywood__manhattan-sour__p077.webp,Manhattan Sour,2020.0,Exact recipe title and cocktail photograph verified on the same source page; crop visually audited in strict contact-sheet review.,
7172,A,images/hollywood_cocktails/hollywood__a-dark-art__p085.webp,273,a-dark-art,85.0,81.0,85.0,b3cd7c96afccecf36bc886a8e359cb0bf440aed0409703c87b783af558c9605c,Hollywood Cocktails,hollywood__a-dark-art__p085.webp,A Dark Art,2020.0,Exact recipe title and cocktail photograph verified on the same source page; crop visually audited in strict contact-sheet review.,
4924,A,images/hollywood_cocktails/hollywood__tom-collins__p086.webp,273,tom-collins,86.0,82.0,86.0,b2a4681997c9d98596d8c9cf6d6d2f733b305f39edcc33e9839d7addd9209f97,Hollywood Cocktails,hollywood__tom-collins__p086.webp,Tom Collins,2020.0,Exact recipe title and cocktail photograph verified on the same source page; crop visually audited in strict contact-sheet review.,
6270,A,images/hollywood_cocktails/hollywood__sunset-strip__p089.webp,268,sunset-strip,89.0,85.0,89.0,a8b443bb24d60c106d0880844aaa208660b3670e424b7d03c1f214f6b1cebb6b,Hollywood Cocktails,hollywood__sunset-strip__p089.webp,Sunset Strip,2020.0,Exact recipe title and cocktail photograph verified on the same source page; crop visually audited in strict contact-sheet review.,
4930,A,images/hollywood_cocktails/hollywood__buttermaker__p093.webp,302,buttermaker,93.0,89.0,93.0,9a3476a1755d18aec4f3226b4b2101e43452a9a859650cc3578a8a76400b6aee,Hollywood Cocktails,hollywood__buttermaker__p093.webp,Buttermaker,2020.0,Exact recipe title and cocktail photograph verified on the same source page; crop visually audited in strict contact-sheet review.,
4800,A,images/hollywood_cocktails/hollywood__7-and-7__p097.webp,295,7-and-7,97.0,93.0,97.0,08b9341d0bda526ad793553db4f20555540afcc33178d634746bebee94094523,Hollywood Cocktails,hollywood__7-and-7__p097.webp,7 & 7,2020.0,Exact recipe title and cocktail photograph verified on the same source page; crop visually audited in strict contact-sheet review.,
3794,A,images/hollywood_cocktails/hollywood__screwdriver__p098.webp,295,screwdriver,98.0,94.0,98.0,75ae0558c8ec5200a182b40e807263f94082e1df1c0e16f93c3eda139523dc71,Hollywood Cocktails,hollywood__screwdriver__p098.webp,Screwdriver,2020.0,Exact recipe title and cocktail photograph verified on the same source page; crop visually audited in strict contact-sheet review.,
3504,A,images/hollywood_cocktails/hollywood__pink-lady__p101.webp,228,pink-lady,101.0,97.0,101.0,aec80601dc2d62c7ff2d452bcb1071a733b7cf64f4a9545ab93a2ae324819392,Hollywood Cocktails,hollywood__pink-lady__p101.webp,Pink Lady,2020.0,Exact recipe title and cocktail photograph verified on the same source page; crop visually audited in strict contact-sheet review.,
4896,A,images/hollywood_cocktails/hollywood__the-bronx__p105.webp,215,the-bronx,105.0,101.0,105.0,cb3129dfdc06a727a982d74381e99b2fa8c8afc6b004311e56bf67b9abef6a6f,Hollywood Cocktails,hollywood__the-bronx__p105.webp,The Bronx,2020.0,Exact recipe title and cocktail photograph verified on the same source page; crop visually audited in strict contact-sheet review.,
4672,A,images/hollywood_cocktails/hollywood__gentleman-caller__p109.webp,286,gentleman-caller,109.0,105.0,109.0,a59ce49c4bf34dc8143c9f4d389ab81ef7db1e8fa73d3dd5d8b79da8f82ff76a,Hollywood Cocktails,hollywood__gentleman-caller__p109.webp,Gentleman Caller,2020.0,Exact recipe title and cocktail photograph verified on the same source page; crop visually audited in strict contact-sheet review.,
4956,A,images/hollywood_cocktails/hollywood__white-russian__p110.webp,191,white-russian,110.0,106.0,110.0,9ae8b9c7d04ec876eed516ca1f8ef1c81128f16880f3612c2638698429e538ca,Hollywood Cocktails,hollywood__white-russian__p110.webp,White Russian,2020.0,Exact recipe title and cocktail photograph verified on the same source page; crop visually audited in strict contact-sheet review.,
8120,A,images/hollywood_cocktails/hollywood__gentleman-s-manhattan__p113.webp,296,gentleman-s-manhattan,113.0,109.0,113.0,0d9fff5094299469571ba65ea307506a083b10261fad9b8bbef537cbab9edd22,Hollywood Cocktails,hollywood__gentleman-s-manhattan__p113.webp,Gentleman's Manhattan,2020.0,Exact recipe title and cocktail photograph verified on the same source page; crop visually audited in strict contact-sheet review.,
8114,A,images/hollywood_cocktails/hollywood__long-island-iced-tea__p117.webp,255,long-island-iced-tea,117.0,113.0,117.0,ca26e31cddb262b65cec144b05bab08bd7ede548db94a9d5126f462c684059ca,Hollywood Cocktails,hollywood__long-island-iced-tea__p117.webp,Long Island Iced Tea,2020.0,Exact recipe title and cocktail photograph verified on the same source page; crop visually audited in strict contact-sheet review.,
5388,A,images/hollywood_cocktails/hollywood__be-my-wine__p118.webp,238,be-my-wine,118.0,114.0,118.0,8de15d95c0977c039e442e32c6910c521686e1570386620b4e66b535d0132d27,Hollywood Cocktails,hollywood__be-my-wine__p118.webp,Be My Wine,2020.0,Exact recipe title and cocktail photograph verified on the same source page; crop visually audited in strict contact-sheet review.,
6186,A,images/hollywood_cocktails/hollywood__purple-rain__p121.webp,205,purple-rain,121.0,117.0,121.0,cfdbacf73354cc71bd646de0d4c46ab7c74654db06bab78150a160332da61348,Hollywood Cocktails,hollywood__purple-rain__p121.webp,Purple Rain,2020.0,Exact recipe title and cocktail photograph verified on the same source page; crop visually audited in strict contact-sheet review.,
7126,A,images/hollywood_cocktails/hollywood__espresso-martini__p122.webp,286,espresso-martini,122.0,118.0,122.0,8b566b74342774c1d942cab95e25d38eced37ca0c65d48f65889c50c8bbe98a2,Hollywood Cocktails,hollywood__espresso-martini__p122.webp,Espresso Martini,2020.0,Exact recipe title and cocktail photograph verified on the same source page; crop visually audited in strict contact-sheet review.,
5618,A,images/hollywood_cocktails/hollywood__the-hardest-walk__p125.webp,193,the-hardest-walk,125.0,121.0,125.0,2c714c1cc36326cad4ee3557469e9a725371da60e14ef5f6319261a48cc79ed6,Hollywood Cocktails,hollywood__the-hardest-walk__p125.webp,The Hardest Walk,2020.0,Exact recipe title and cocktail photograph verified on the same source page; crop visually audited in strict contact-sheet review.,
8828,A,images/hollywood_cocktails/hollywood__ferrari-named-desire__p126.webp,244,ferrari-named-desire,126.0,122.0,126.0,dffa31948bd5b8ee2002585ffd4bcbbbf48f18e299499f59d3286720be28aeaa,Hollywood Cocktails,hollywood__ferrari-named-desire__p126.webp,Ferrari Named Desire,2020.0,Exact recipe title and cocktail photograph verified on the same source page; crop visually audited in strict contact-sheet review.,
4916,A,images/hollywood_cocktails/hollywood__when-you-re-a-jet__p129.webp,202,when-you-re-a-jet,129.0,125.0,129.0,2f94da89e490d2a1df95450c4ddd20c7a330f75cb21a0a2a3e6375bfd6d557e3,Hollywood Cocktails,hollywood__when-you-re-a-jet__p129.webp,When You're a Jet,2020.0,Exact recipe title and cocktail photograph verified on the same source page; crop visually audited in strict contact-sheet review.,
4718,A,images/hollywood_cocktails/hollywood__absolut-bitch__p130.webp,206,absolut-bitch,130.0,126.0,130.0,36d4c3e5c37d6b644accd292e0e11dd72489807f51a550f7bf881eb88f59cefe,Hollywood Cocktails,hollywood__absolut-bitch__p130.webp,Absolut Bitch,2020.0,Exact recipe title and cocktail photograph verified on the same source page; crop visually audited in strict contact-sheet review.,
6662,A,images/hollywood_cocktails/hollywood__sidecar__p133.webp,259,sidecar,133.0,129.0,133.0,d6e10cd2074121ef937bf317c241d2362e21540156cf04cc2fd65250654e3587,Hollywood Cocktails,hollywood__sidecar__p133.webp,Sidecar,2020.0,Exact recipe title and cocktail photograph verified on the same source page; crop visually audited in strict contact-sheet review.,
4324,A,images/hollywood_cocktails/hollywood__chicago-cocktail__p134.webp,333,chicago-cocktail,134.0,130.0,134.0,88849d277f2f28b42fc9a0e4e43917b137962b0e40ed0eec7ba63b7e3e3803c2,Hollywood Cocktails,hollywood__chicago-cocktail__p134.webp,Chicago Cocktail,2020.0,Exact recipe title and cocktail photograph verified on the same source page; crop visually audited in strict contact-sheet review.,
4412,A,images/hollywood_cocktails/hollywood__admiral-cocktail__p138.webp,247,admiral-cocktail,138.0,134.0,138.0,86d8f3040a2cc69ea3d9cdb173b179333d1d6dc4a71a8822aa1d807c49c883bf,Hollywood Cocktails,hollywood__admiral-cocktail__p138.webp,Admiral Cocktail,2020.0,Exact recipe title and cocktail photograph verified on the same source page; crop visually audited in strict contact-sheet review.,
5766,A,images/hollywood_cocktails/hollywood__haze-for-days__p141.webp,292,haze-for-days,141.0,137.0,141.0,69ce5f8c2c4ff56d0e7a3becf47f78779b76c2b4e7c815118450b9f174b0cd4a,Hollywood Cocktails,hollywood__haze-for-days__p141.webp,Haze for Days,2020.0,Exact recipe title and cocktail photograph verified on the same source page; crop visually audited in strict contact-sheet review.,
2636,A,images/hollywood_cocktails/hollywood__a-promise-s-ghost__p142.webp,275,a-promise-s-ghost,142.0,138.0,142.0,afa4d91154307b2a7d46da0c66dcbbbc3b7aea42370bf1b8a3d09dd2637a12b9,Hollywood Cocktails,hollywood__a-promise-s-ghost__p142.webp,A Promise's Ghost,2020.0,Exact recipe title and cocktail photograph verified on the same source page; crop visually audited in strict contact-sheet review.,
6756,A,images/hollywood_cocktails/hollywood__innuendo__p145.webp,218,innuendo,145.0,141.0,145.0,61bafb74e45965f618cb53256c271df965e7759ac5a26dbe06b44fbec3636fab,Hollywood Cocktails,hollywood__innuendo__p145.webp,Innuendo,2020.0,Exact recipe title and cocktail photograph verified on the same source page; crop visually audited in strict contact-sheet review.,
5556,A,images/hollywood_cocktails/hollywood__whiskey-sour__p146.webp,265,whiskey-sour,146.0,142.0,146.0,b31aea2b0a0a50394d9ffac18bad772b67430ca9e7237dec4bd22c9cb2311166,Hollywood Cocktails,hollywood__whiskey-sour__p146.webp,Whiskey Sour,2020.0,Exact recipe title and cocktail photograph verified on the same source page; crop visually audited in strict contact-sheet review.,
5000,A,images/hollywood_cocktails/hollywood__kitchen-sink__p149.webp,257,kitchen-sink,149.0,145.0,149.0,31c95d8dd5a6983cff198979e6666733cee4c05a561270ebcb750a9bede8919c,Hollywood Cocktails,hollywood__kitchen-sink__p149.webp,Kitchen Sink,2020.0,Exact recipe title and cocktail photograph verified on the same source page; crop visually audited in strict contact-sheet review.,
8982,A,images/hollywood_cocktails/hollywood__temptation__p150.webp,218,temptation,150.0,146.0,150.0,e80dc9952b307b7d267aae0919178f78e27c06abbdda7ebbab2bfdaa093cc7b3,Hollywood Cocktails,hollywood__temptation__p150.webp,Temptation,2020.0,Exact recipe title and cocktail photograph verified on the same source page; crop visually audited in strict contact-sheet review.,
3796,A,images/hollywood_cocktails/hollywood__angel-s-kiss__p154.webp,254,angel-s-kiss,154.0,150.0,154.0,740bed17fc55553245979f51bfae039183fee5adc74a64d1db56eeaa83a93100,Hollywood Cocktails,hollywood__angel-s-kiss__p154.webp,Angel's Kiss,2020.0,Exact recipe title and cocktail photograph verified on the same source page; crop visually audited in strict contact-sheet review.,
8328,A,images/hollywood_cocktails/hollywood__whiskey-danger__p157.webp,290,whiskey-danger,157.0,153.0,157.0,0668c5889bd8ae2d8ed301d3d2095ecaa19e3901bffc53f6b865ce8182eccf27,Hollywood Cocktails,hollywood__whiskey-danger__p157.webp,Whiskey Danger,2020.0,Exact recipe title and cocktail photograph verified on the same source page; crop visually audited in strict contact-sheet review.,
5190,A,images/hollywood_cocktails/hollywood__classic-cosmopolitan__p158.webp,291,classic-cosmopolitan,158.0,154.0,158.0,91a411de36a01e49f9c86626d61331e06b8f8e0390c4b2d2168fbcdbbf0d5c63,Hollywood Cocktails,hollywood__classic-cosmopolitan__p158.webp,Classic Cosmopolitan,2020.0,Exact recipe title and cocktail photograph verified on the same source page; crop visually audited in strict contact-sheet review.,
5404,A,images/hollywood_cocktails/hollywood__simple-manhattan__p163.webp,242,simple-manhattan,163.0,159.0,163.0,73ca6aceb44b6dc48f57817bd2e68aff803f66a9904f4546484154fcc23fabf5,Hollywood Cocktails,hollywood__simple-manhattan__p163.webp,Simple Manhattan,2020.0,Exact recipe title and cocktail photograph verified on the same source page; crop visually audited in strict contact-sheet review.,
5038,A,images/hollywood_cocktails/hollywood__rum-chocolate__p164.webp,168,rum-chocolate,164.0,160.0,164.0,aea89480f283d6744c18172cd2e81950d2c7d0973fad04acd60d19a238a25af2,Hollywood Cocktails,hollywood__rum-chocolate__p164.webp,Rum Chocolate,2020.0,Exact recipe title and cocktail photograph verified on the same source page; crop visually audited in strict contact-sheet review.,
5854,A,images/hollywood_cocktails/hollywood__runaway-rum-runner-punch__p168.webp,243,runaway-rum-runner-punch,168.0,164.0,168.0,7c5ce4a79eb1d0e3f1455700b996b90e8b2e72bed91b0ecd3f5c6551c81418aa,Hollywood Cocktails,hollywood__runaway-rum-runner-punch__p168.webp,Runaway Rum Runner Punch,2020.0,Exact recipe title and cocktail photograph verified on the same source page; crop visually audited in strict contact-sheet review.,
4502,A,images/hollywood_cocktails/hollywood__throwing-shade__p173.webp,258,throwing-shade,173.0,169.0,173.0,5f8aca1034881c32e614cfadf36972dd8ccc29b9b5bfa22b9f1e95b8cf66712b,Hollywood Cocktails,hollywood__throwing-shade__p173.webp,Throwing Shade,2020.0,Exact recipe title and cocktail photograph verified on the same source page; crop visually audited in strict contact-sheet review.,
7260,A,images/hollywood_cocktails/hollywood__americano__p174.webp,231,americano,174.0,170.0,174.0,63c3c95a9a817d8bc28ee8f10d5e8c91fe3b02df951b5642b7753eb1c6d244e2,Hollywood Cocktails,hollywood__americano__p174.webp,Americano,2020.0,Exact recipe title and cocktail photograph verified on the same source page; crop visually audited in strict contact-sheet review.,
7384,A,images/hollywood_cocktails/hollywood__whiskey-business__p177.webp,228,whiskey-business,177.0,173.0,177.0,18dbe3dbcd9596fd3e490c8778e0cf2d5ca76ebef73255b1fa558d32070fc224,Hollywood Cocktails,hollywood__whiskey-business__p177.webp,Whiskey Business,2020.0,Exact recipe title and cocktail photograph verified on the same source page; crop visually audited in strict contact-sheet review.,
7704,A,images/hollywood_cocktails/hollywood__double-dickel-on-the-rocks__p178.webp,239,double-dickel-on-the-rocks,178.0,174.0,178.0,a2c3acdd50f41ef2b37e89e95027ca33aae6bea99cbee0478806290f405883d0,Hollywood Cocktails,hollywood__double-dickel-on-the-rocks__p178.webp,Double Dickel on the Rocks,2020.0,Exact recipe title and cocktail photograph verified on the same source page; crop visually audited in strict contact-sheet review.,
5182,A,images/hollywood_cocktails/hollywood__the-martinez__p185.webp,252,the-martinez,185.0,181.0,185.0,be25a408efe39f6425ad864ee7603b94bb2600d1fd638aff59629a725ab4fb5f,Hollywood Cocktails,hollywood__the-martinez__p185.webp,The Martinez,2020.0,Exact recipe title and cocktail photograph verified on the same source page; crop visually audited in strict contact-sheet review.,
3320,A,images/hollywood_cocktails/hollywood__what-really-happened__p186.webp,307,what-really-happened,186.0,182.0,186.0,566c3a11cddc96b319b145d8d03df89448589a25ff227fe6ef5c9984ae3fbba8,Hollywood Cocktails,hollywood__what-really-happened__p186.webp,What Really Happened,2020.0,Exact recipe title and cocktail photograph verified on the same source page; crop visually audited in strict contact-sheet review.,
6876,A,images/hollywood_cocktails/hollywood__mind-eraser__p189.webp,213,mind-eraser,189.0,185.0,189.0,bb8e01eadd0352badabaed748a31a3cca0346fffd3502150e0c3baad5e8e45a8,Hollywood Cocktails,hollywood__mind-eraser__p189.webp,Mind Eraser,2020.0,Exact recipe title and cocktail photograph verified on the same source page; crop visually audited in strict contact-sheet review.,
5478,A,images/hollywood_cocktails/hollywood__red-head__p190.webp,234,red-head,190.0,186.0,190.0,99bb8e39821491213566cfa10e01aec745aee576f71ae8b2e4e86b29b4b5fd06,Hollywood Cocktails,hollywood__red-head__p190.webp,Red Head,2020.0,Exact recipe title and cocktail photograph verified on the same source page; crop visually audited in strict contact-sheet review.,
5164,A,images/hollywood_cocktails/hollywood__snake-bite__p193.webp,213,snake-bite,193.0,189.0,193.0,fcecb3bff584588832685d2c6d10b5399bcc3d6572a8c08f10d37a24e29d2dfc,Hollywood Cocktails,hollywood__snake-bite__p193.webp,Snake Bite,2020.0,Exact recipe title and cocktail photograph verified on the same source page; crop visually audited in strict contact-sheet review.,
3434,A,images/hollywood_cocktails/hollywood__the-only-word__p201.webp,243,the-only-word,201.0,197.0,201.0,9303260095acafdc22f1df3e45817d8e55e22486de5e952aced97df8e8755a52,Hollywood Cocktails,hollywood__the-only-word__p201.webp,The Only Word,2020.0,Exact recipe title and cocktail photograph verified on the same source page; crop visually audited in strict contact-sheet review.,
26132,A,images/tropical_standard/tropical-standard__tropical-itch__photo-p053.webp,1188,tropical-itch,53.0,,54.0,656347c180c36ba0df07a3d2d8b2d85abc3917ec73e197ec19dec75682b0e5e0,Tropical Standard,tropical-tropical-itch-photo-p053.webp,Tropical Itch,,Exact recipe title verified on the immediately following recipe page; preceding full-photo page visually audited as a cocktail photograph.,918.0
99856,A,images/tropical_standard/tropical-standard__special-daiquiri-no-1__photo-p059.webp,1188,special-daiquiri-no-1,59.0,,60.0,a3b33681bdd15d9154a4e7b737194965521e3855d422db1dd5383bc38d98b18b,Tropical Standard,tropical-special-daiquiri-no-1-photo-p059.webp,Special Daiquiri No. 1,,Exact recipe title verified on the immediately following recipe page; preceding full-photo page visually audited as a cocktail photograph.,918.0
133852,A,images/tropical_standard/tropical-standard__winter-in-l-a__photo-p067.webp,1188,winter-in-l-a,67.0,,68.0,442b160915305b0c40bb8088de62c2d1ac8bbfc55b0907670f5407d7d57632c7,Tropical Standard,tropical-winter-in-l-a-photo-p067.webp,Winter in L.A.,,Exact recipe title verified on the immediately following recipe page; preceding full-photo page visually audited as a cocktail photograph.,918.0
39126,A,images/tropical_standard/tropical-standard__daiquiri__photo-p076.webp,1188,daiquiri,76.0,,77.0,7d1a60ccf67bd92918b70aa94e1dfe393887db73c20319a72acb917a2232c987,Tropical Standard,tropical-daiquiri-photo-p076.webp,Daiquiri,,Exact recipe title verified on the immediately following recipe page; preceding full-photo page visually audited as a cocktail photograph.,918.0
42416,A,images/tropical_standard/tropical-standard__yellow-bird__photo-p083.webp,1188,yellow-bird,83.0,,84.0,7bb4ac607bdaeda70d05572586d84132271f0b5d21922d924285dc85ffd33de1,Tropical Standard,tropical-yellow-bird-photo-p083.webp,Yellow Bird,,Exact recipe title verified on the immediately following recipe page; preceding full-photo page visually audited as a cocktail photograph.,918.0
28162,A,images/tropical_standard/tropical-standard__heroes-and-villains__photo-p091.webp,1188,heroes-and-villains,91.0,,92.0,a556e314e3053099bec93de70bccc6741bb367a7724818bfdb49f624f9a950c7,Tropical Standard,tropical-heroes-and-villains-photo-p091.webp,Heroes and Villains,,Exact recipe title verified on the immediately following recipe page; preceding full-photo page visually audited as a cocktail photograph.,918.0
60302,A,images/tropical_standard/tropical-standard__mai-tai__photo-p097.webp,1188,mai-tai,97.0,,98.0,7f7ad01792a2a94cd54462d72ab91e689b2cf1858248cd727562b13983cb8e43,Tropical Standard,tropical-mai-tai-photo-p097.webp,Mai Tai,,Exact recipe title verified on the immediately following recipe page; preceding full-photo page visually audited as a cocktail photograph.,918.0
41124,A,images/tropical_standard/tropical-standard__el-diablo__photo-p109.webp,1188,el-diablo,109.0,,110.0,8176adc2c1c04983be9e9434e0d1c7cdc4cb38018351a626301c14b1359457e6,Tropical Standard,tropical-el-diablo-photo-p109.webp,El Diablo,,Exact recipe title verified on the immediately following recipe page; preceding full-photo page visually audited as a cocktail photograph.,918.0
40520,A,images/tropical_standard/tropical-standard__santa-cruz-royal-cobbler__photo-p113.webp,1188,santa-cruz-royal-cobbler,113.0,,114.0,c51460e092076796abcf63a96f05323164c8eb996737856657ac79a6aec510bd,Tropical Standard,tropical-santa-cruz-royal-cobbler-photo-p113.webp,Santa Cruz Royal Cobbler,,Exact recipe title verified on the immediately following recipe page; preceding full-photo page visually audited as a cocktail photograph.,918.0
39462,A,images/tropical_standard/tropical-standard__hibiscus-pacific__photo-p137.webp,1188,hibiscus-pacific,137.0,,138.0,831d5024b2835717ca1e11dddd13b098052478d907971a714331c1f13d9fcb18,Tropical Standard,tropical-hibiscus-pacific-photo-p137.webp,Hibiscus Pacific,,Exact recipe title verified on the immediately following recipe page; preceding full-photo page visually audited as a cocktail photograph.,918.0
93144,A,images/tropical_standard/tropical-standard__pina-colada__photo-p144.webp,1188,pina-colada,144.0,,145.0,265f8d3326079c6f5d0a2d8fd2d8fedf6e47b3a87b0b4a36806b0171b5e6ba13,Tropical Standard,tropical-pi-a-colada-photo-p144.webp,Piña Colada,,Exact recipe title verified on the immediately following recipe page; preceding full-photo page visually audited as a cocktail photograph.,918.0
42742,A,images/tropical_standard/tropical-standard__manta-ray__photo-p156.webp,1188,manta-ray,156.0,,157.0,96b45433274cab470d8d573b57b33d06adcfe2faa6d7b24f114620daf0069d31,Tropical Standard,tropical-manta-ray-photo-p156.webp,Manta Ray,,Exact recipe title verified on the immediately following recipe page; preceding full-photo page visually audited as a cocktail photograph.,918.0
64278,A,images/tropical_standard/tropical-standard__colonial-grog__photo-p164.webp,1188,colonial-grog,164.0,,165.0,416e9649915a1e27407b13cec6b80413d9914a57473a45d3eef3a5adc6cfd15f,Tropical Standard,tropical-colonial-grog-photo-p164.webp,Colonial Grog,,Exact recipe title verified on the immediately following recipe page; preceding full-photo page visually audited as a cocktail photograph.,918.0
30636,A,images/tropical_standard/tropical-standard__violet-chachki__photo-p174.webp,1188,violet-chachki,174.0,,175.0,2e60643078755425fb6794a37ce1b65e1be47b72b8173f457e0ced41b12423c0,Tropical Standard,tropical-violet-chachki-photo-p174.webp,Violet Chachki,,Exact recipe title verified on the immediately following recipe page; preceding full-photo page visually audited as a cocktail photograph.,918.0
39974,A,images/tropical_standard/tropical-standard__bay-of-pigs__photo-p177.webp,1188,bay-of-pigs,177.0,,178.0,695b430521cc1f6b3a37618135fbc9a173bf36a78cde2f89d5eb31b7a8456dc6,Tropical Standard,tropical-bay-of-pigs-photo-p177.webp,Bay of Pigs,,Exact recipe title verified on the immediately following recipe page; preceding full-photo page visually audited as a cocktail photograph.,918.0
31920,A,images/tropical_standard/tropical-standard__mr-hoy-s-manhattan__photo-p188.webp,1188,mr-hoy-s-manhattan,188.0,,189.0,ecd531c89373ff2c39f1b4150eeda5a5952c138aca3f0f1d1ae97c3b27bddd45,Tropical Standard,tropical-mr-hoy-s-manhattan-photo-p188.webp,Mr. Hoy’s Manhattan,,Exact recipe title verified on the immediately following recipe page; preceding full-photo page visually audited as a cocktail photograph.,918.0
76560,A,images/tropical_standard/tropical-standard__beachcomber-negroni__photo-p199.webp,1188,beachcomber-negroni,199.0,,200.0,935a88b9726ecb2715c8cf244ec72ebc2e3ff7483ce0b9971237c654d30fd40a,Tropical Standard,tropical-beachcomber-negroni-photo-p199.webp,Beachcomber Negroni,,Exact recipe title verified on the immediately following recipe page; preceding full-photo page visually audited as a cocktail photograph.,918.0
27226,A,images/tropical_standard/tropical-standard__swamp-fire__photo-p206.webp,1188,swamp-fire,206.0,,207.0,79628c001ee673ea696c412dba2cfac602fa06f7b41015e218b042ef69af4698,Tropical Standard,tropical-swamp-fire-photo-p206.webp,Swamp Fire,,Exact recipe title verified on the immediately following recipe page; preceding full-photo page visually audited as a cocktail photograph.,918.0
50156,A,images/tropical_standard/tropical-standard__minoan__photo-p210.webp,1188,minoan,210.0,,211.0,35e560dc261f6c591912065f5c4bca231b42355106e6ac030773c039aab8310b,Tropical Standard,tropical-minoan-photo-p210.webp,Minoan,,Exact recipe title verified on the immediately following recipe page; preceding full-photo page visually audited as a cocktail photograph.,918.0
44798,A,images/tropical_standard/tropical-standard__kiruna-cooler__photo-p219.webp,1188,kiruna-cooler,219.0,,220.0,460853ed755d6cf0436a3ea2cc63bd95e781d2b834c8df2b9669b88d5c177ac4,Tropical Standard,tropical-kiruna-cooler-photo-p219.webp,Kiruna Cooler,,Exact recipe title verified on the immediately following recipe page; preceding full-photo page visually audited as a cocktail photograph.,918.0
30062,A,images/tropical_standard/tropical-standard__from-dusk-till-dawn__photo-p253.webp,1188,from-dusk-till-dawn,253.0,,254.0,9c7b3890f17aa2542d3cf421124e674af899de8cd6752a38ad2d6cec22965dbd,Tropical Standard,tropical-from-dusk-till-dawn-photo-p253.webp,From Dusk till Dawn,,Exact recipe title verified on the immediately following recipe page; preceding full-photo page visually audited as a cocktail photograph.,918.0
47902,A,images/tropical_standard/tropical-standard__pineapple-princess__photo-p256.webp,1188,pineapple-princess,256.0,,257.0,75b243dff7d15af4308be6210f051fe9875fa41a55490d145e52ec41eacb24b8,Tropical Standard,tropical-pineapple-princess-photo-p256.webp,Pineapple Princess,,Exact recipe title verified on the immediately following recipe page; preceding full-photo page visually audited as a cocktail photograph.,918.0
49382,A,images/tropical_standard/tropical-standard__navy-grog__photo-p271.webp,1188,navy-grog,271.0,,272.0,db6e279718e0f7f6d1c5dd9aa547917c1e9de7c49b2193c88db9302f869bc46f,Tropical Standard,tropical-navy-grog-photo-p271.webp,Navy Grog,,Exact recipe title verified on the immediately following recipe page; preceding full-photo page visually audited as a cocktail photograph.,918.0
45794,A,images/tropical_standard/tropical-standard__toro-toro-ole-a-la-blood-and-sand__photo-p320.webp,1188,toro-toro-ole-a-la-blood-and-sand,320.0,,321.0,62b6e166497b88baaa467db0484c89df5677960512fe6b6c886589878f2107b8,Tropical Standard,tropical-toro-toro-ol-la-blood-and-photo-p320.webp,"Toro, Toro, Olé! (à la Blood and Sand)",,Exact recipe title verified on the immediately following recipe page; preceding full-photo page visually audited as a cocktail photograph.,918.0
